TEXT,label
你说你妈呢？低能,1.0
我一般直接狂骂,1.0
反转了，他舍友是你未来的爹,1.0
说了你把她约出来爆操一顿变成你的性奴就好了，学一点钓女的技巧，对线什么的,1.0
说白了，吧里一群nt人丑没人要，想玩又不敢，人怂又怕死，活该,1.0
说了你把她约出来爆炒一顿变成你的性奴就好了，学一点钓钕的技巧，对线什么的,1.0
小东西衮出孙吧,1.0
可惜会计本身没啥大用，用来坐牢随便一个会计都行了,1.0
女性员工不会做这种事，鉴定为男的反串,1.0
单从这句和上面那句来说，说话是真直，毫不掩饰把你当沙杯,1.0
他都吸毒了我不污名和歧视他那他岂不是白吸了？,1.0
烂或，别搁这理发店,1.0
烂或，别搁这里发癫,1.0
楼主可以直接快进到小丑吗,1.0
说了你把她约出来爆操一顿变成你的性奴就好了，学一点钓钕的技巧，对线什么的,1.0
这就是典型的父母那边没能力但是心比天高，自己存了大半辈子的钱都拿不出一套市区房全款的话，老老实实在小县城呆着不比这样天天背着压力活着强多了,1.0
只能说楼主小丑一个捏,1.0
你说你马呢？低能,1.0
不是有那种跟验孕棒一样的便捷式仪器吗，直接让对象测，爱测测不测滚,1.0
心疼啥，已经违规纵容。都已经骑连上拉实还是以对面是to而给予超柜待遇,1.0
前几年贴着不招女的是有道理的，现在的女的身娇体贵真不干那不敢的，还特别气气还说不得，一说就一哭二闹就像是全是别人错一样自己干活干的跟坨粑粑似的只字不提。,1.0
要发就正常发，要么不发，你这不纯e心人吗,1.0
你是真没救了，谈恋爱又不是结婚难不成给你整个大钻戒？,1.0
让你二姐找富二代啊，好歹有B，要是实在丑当我没说,1.0
也比你在这儿混吃等死强,1.0
拿马钓鱼是这样,1.0
感觉你也是太上头了，谈过十几段的人了，这种女生按理说就是和她各玩各的，各取所需而已，她这种也不值得你去搞纯爱。而且也没有多纯爱，只是对她的占有欲过剩了。这种女生还是玩玩的就好，不配你花这么多精力的,1.0
孙吧怎么什么dinner都放进来,1.0
日本要是能被海啸淹没，国内沿海不被淹？能不能动动脑子。,1.0
你这嘴腌了几年啊这么入味儿,1.0
恭喜恭喜 你女朋友要找到新的泡友了,1.0
我只听过裹小脚，还没听过裹小脑,1.0
这么好骗笑死我了,1.0
什么鬼，这留学怕不是读的英港新澳的水硕吧,1.0
为了反而反，见证智障看多了我怕影响我的心情,1.0
那么问题来了，你怎么判断是不是处女,1.0
老东西删了呗我有个朋友看见这个挺不舒服的，反正不是我啊我只是有个朋友,1.0
对的，素质差可以毁掉一切优点，除非你只是单纯的想来一炮，不过我觉得也嫌脏,1.0
p的还行,1.0
dinner，tank赶紧414得了,1.0
不是，几套房几辆车就算条件好了？你不变现有个锤子用,1.0
烂货，别搁这里发癫,1.0
我对你的深情无法付诸语言，除了一句“滚”,1.0
鼠鼠没有文化看不懂捏。不过鼠鼠也喜欢射在她脸上捏。,1.0
说实话，感觉小孩会受不少影响，有墙还是出现了一些esu群体，现在还在向低龄化发展，墙放开后，都不敢想象小鬼能成什么样,1.0
错了哥，下次我一定多改点，我这种rz不配用米老师的文案,1.0
嘴闲就去舔马桶，别在这叭叭的。,1.0
什么叫玩女的 你是不是在物化女性 我们女性不被定义 中间忘了 后面也忘了,1.0
在键盘上撒把米，鸡的走位都比你骚。,1.0
我有密集恐惧症，不能接近心眼子多的人,1.0
不是，黄牌老登又幻想起来了，自己fvv别带上大伙啊，正常人碰见该怎么说话就怎么说话吧，难道老登真以为盖了个章就霸气了？,1.0
讲讲鼠鼠人生中最小丑的一个月,1.0
你没有猪的形象，但是你有猪的气质,1.0
把她月出来，看能不能馹，馹了再说,1.0
真羡慕你自拍就是全家福，团圆饭一个人就能吃了,1.0
医生呢，赶紧救一下啊你这脑子还是别逃出来了,1.0
快进到离婚打官司男方获得0.5%财产,1.0
我都没敢看给你发鸡毛,1.0
抖音还蛮多李孝子的,1.0
那你平时吃的东西都是从卫生纸里拿的？,1.0
你这什么表情，想被灌注了吗,1.0
对于有些人我只想说，我的巴掌很适合你的脸,1.0
这是抠出幻觉了？不先看看自己什么b样，值得人浪费时间搁那看？,1.0
花钱买盗版？你是真的6,1.0
别说石器时代，就是封建社会也是差不多的。所谓屠城，一般也是默认女的不杀的，女的算在财货里的，除非带不走，才会跟劫粮道一样烧粮草。面对杀了自己全家的敌人，女的又有几个复仇的？绝大多数还不是被操，生个娃，就那么过下去了……,1.0
这byd之前对他的好全忘了是吧养条狗不比这强？,1.0
局外人感觉就是主人公自己无所谓，母亲老婆杀人，最后自己作死了,1.0
你多少也是有点问题,1.0
烂货，别搁这理发店,1.0
这才发现是个垃圾人啊，逆天,1.0
不化那个吊毛妆长的还过得去  我称之为唐妆,1.0
知道什么后果，和同学玩说一声不就行了，你平时是有多👻？,1.0
小东西滚出孙吧,1.0
说了你把她约出来爆炒一顿变成你的性奴就好了，学一点钓女的技巧，对线什么的,1.0
本来就是捞女想来吃白饭捣鼓出的话术她们还真信了鄙视，嘲笑,1.0
v5000看看实力,1.0
叛逆……一旦被他们那个zzzq影响，吵吵着变性，搞同……那不是叛逆，而是傻逼了,1.0
白痴能够当你的老师，智障都能够教你说人话。,1.0
说不定和你结婚也是主人的任务呢,1.0
别羡慕，父母离异换的,1.0
恭喜恭喜 你女朋友要找到新的炮友了,1.0
你受的了你儿子小学跟你讲他心理性别是女性，要剁碉?,1.0
这些女的真脸和尸体一样还说别人啊虽然假脸也丑,1.0
其实就是让你花一千多然后教你去阿里巴巴找图挂闲鱼卖，是个人就会，还需要花一千多跟他们学？,1.0
哪里都有你这个死妈串子,1.0
你兄弟大老远过来找你，你也好意思让人请你吃饭捏，建议楼主吃屎也和xxn分享一下哦，另外建议锁死~,1.0
怎么哪都有你joke,1.0
评价不了，挠谈,1.0
他很好的赞美了，这种放大街上还是最丑的几个，看着一副土龙鸣相,1.0
当驴当的心甘情愿，骄傲满满，还要骂自己身边推磨推慢了的驴两句矫情,1.0
恋爱的小心思弯弯绕绕不像批一样一通到底,1.0
其实你不讨厌，只是没有讨喜之处。,1.0
大学真的能把人变成骚鸡,1.0
快进到我在国外认识一个黑人朋友，我和他什么也没做，你怎么老是怀疑我们两个，其实那天晚上我什么也不记得了，我是无辜的，你不是真的爱我,1.0
前期的作品可以，后面感觉像吸了毒一样。,1.0
外网弱智看久了容易高血压,1.0
楼主，唧唧没了,1.0
这种不是纯弱智？,1.0
体育课，有女生穿裙子趁他们练体前屈时偷看,1.0
死了母的这男的，真即把下头，上来直接怼着问感情史智商低情商也低，不会聊天建议重开，就这闹颤水平还搁网络上找对象,1.0
低龄？低能！,1.0
跟我家一样，妈妈这边好，爸爸那边全是势力眼，好了就天天串门又是买东西又是来给你做饭吃饭，关系好得不得了，一旦出了什么事了，全润了,1.0
肯定逗骗子玩了。都玩孙吧了还能被骗那就可以gun出去了,1.0
怎么没有慈小鬼,1.0
你爹老了没工作能力了，那赶紧把你爹送去火化吧,1.0
好暴躁的楼主，杀一个先,1.0
以前都是刷到低能的就拉黑，后来黑名单满了不让拉黑，不感兴趣好像没啥用，还是会给你推你不想看的恶心你，尤其是头部主播带货的，拉黑都能刷到,1.0
龟男必死 飞舞重开吧,1.0
桌角吃进脑子里了?,1.0
高一就玩上了孙吧，保送带专是吧,1.0
现身说法了属于是,1.0
这种帖子就无视好了让小屁孩自娱自乐吧,1.0
薄杀这舔狗玩意,1.0
评价你妈，共用设施拿来洗裤衩的不怕自己鸡儿长蘑菇，别人都怕沾上,1.0
想起了以前吃过的一家，菜就估计塑料杯那么多，还难吃得一批，什么味都没有，给个差评还逼逼赖赖，结果一个月店就关掉了，这种东西，你跟他说走着瞧就行了，开不下去亏的是他,1.0
具体谁忘了，是对那些只敢搬粑粑来贴吧不敢当面在别人视频下评论的废物吧友，他们攻击力和他们牛子一样阳萎,1.0
你纹不纹身那是你的事，我尊不尊重你，理不理解你，那是我的事,1.0
从小没碟的畜生说话是这样的,1.0
**一个，喝了几瓶尿不知道自己是谁了,1.0
你最好别被我找到,1.0
把我想的那么复杂，说明你也好不到哪里去,1.0
什么旧朝遗老,1.0
男的是这样的,1.0
老东西怎么还不睡觉,1.0
说真的 我挺羡慕你的皮肤的 你说你怎么能把它保养得 那么厚呢,1.0
贴吧，但是感觉挺像小丑的我就又删了,1.0
她/他都已经去相亲了还能是什么好鸟啊,1.0
真废物不会爆中专仔的金币吗,1.0
逆天xxn 一个店名给它看生理不适了,1.0
怎么？你不服气？,1.0
就你那逼样，也配有人害你？,1.0
孙吧也只能看这些了，一群单身汪，渴女又厌女，只能口嗨了,1.0
呵呵，真以为你好好说话这女的就不生气了？这不是就是故意给你摆脸子？再说出去玩谁能那么及时的回复消息？,1.0
看见你就好像看见市场上快下市的小青菜，5毛钱一大把。,1.0
有意见憋着，不然牛牛给你嗦烂,1.0
这个真逆天到家了，男的一边给它弹吉他一边还要被它敲，地下还有一帮脑瘫xxn拍手叫好,1.0
败笔？神来之笔，移动端还是晚于pc端开服的，就移动端开服时那屎一样的优化，只有最贵那一档的手机能有稍好一点的体验，次一点的手机画面一坨根本带不动，要是没有pc和ps端，直接被喷炸，玩的人肯定也少很多,1.0
她是畜生，你也有点废物,1.0
你不变小丑我看什么,1.0
实话、很多为黑而黑的，不过浓妆的样子挺唐的,1.0
四川把耳朵阿？那就忍着喽,1.0
捕捉！抓到了，给我超一下,1.0
什么小丑,1.0
九个压路机坏了一个 八个压路,1.0
楼主没用的东西不知道攻击回去,1.0
我只能说你女朋友段位起码比你高两个，你拿捏不了她的只是榨取你价值罢了，物质价值情绪价值，等你没价值or她找到新的你会直接被ktv。,1.0
扔的是楼主的内裤吗，这么急？,1.0
都死，得了吧,1.0
不要冲我吼，小时候我被狗吓过。,1.0
相死自己寻死，别祸害别人就行,1.0
典型的好为人师 换男的直接骂了 一点边界感都没,1.0
你个溅B，破鞋，你溅得嘴里长痔疮，你爹我已经把你B草烂了，你怎么还在大街上卖B，,1.0
某些人您真是登峰造极的不要脸,1.0
蓝牌润了，黄牌老东西快上去顶着第二波第三波,1.0
这种男的怎么可能会动真情到处钓鱼的脑瘫像八辈子没见过女的一样,1.0
还真是，江西经典钱少事多消费高，小领导大架子，处处形式主义,1.0
你怎么不把你寄掰转给它？,1.0
额，项圈楼主不是带上的吗？,1.0
透的洋啤越多不就越显得洋啤廉价么,1.0
我命令你骂他,1.0
心疼啥，已经违规纵容。都已经骑脸上拉屎还是以对面是to而给予超柜待遇,1.0
叛逆……一旦被他们那个zzzq影响，吵吵着变性，搞同……那不是叛逆，而是啥必了,1.0
这是抠出幻觉了？不先看看自己什么β样，值得人浪费时间搁那看？,1.0
这个跟拳师一样的成分，直接骂就完了。,1.0
低龄？滴能！,1.0
老东西我操死你,1.0
还安慰呢，我要是他老爹给他两巴掌直接让他滚出家门了,1.0
有些人天生就是坏种,1.0
嘴巴跟阴道都只会喷，只有让它喷出来才会爽,1.0
不到173的挫逼也想装高冷,1.0
在和大伙们分享一下女朋友逆天的事,1.0
《弱势群体》,1.0
艾疣，梅逝的,1.0
你是什么品种，怎么这么凶。,1.0
说真的，我好羡慕你的皮肤哇，你是怎么保养得这么厚的,1.0
祝长命百岁，孤独终老。,1.0
一群串子串子太多就nt了,1.0
那你提你nn的♀大学生呢？还辅助，不就是想迅速找两个异性高手给她解决问题？人家题主自己都没觉得有问题，你们这帮弱智开始脑补了,1.0
我不是看不起你，而是压根懒得理你。,1.0
无差别攻击就是破防了？你这点脑子也就这样了首先你先看看吧名，其次大多攻击的是楼主和商家麻烦你睁开你的其它眼看清楚,1.0
小丑再来句急是吧？跟你这种脑子也没什么好说的了,1.0
你怎么这么舔啊,1.0
一日三餐都在吃shit的低能小学生,1.0
又撅醒了是吧😇,1.0
她的俗是骨子里的，开水烫都烫不掉。,1.0
你不会觉得这人真能上高中吧？,1.0
百度搜不到你，搜狗一定可以,1.0
我劝你还是在家好好地呆着，街上是不允许宠物乱跑的。,1.0
背后诋毁我的人，我想告诉你，我不是你爹娘，没那么多故事让你惦记。,1.0
朋友有解药吗？我看你嘴巴挺毒的,1.0
等我有钱了，我就带你去最好的神经病院！,1.0
看到你跑步的姿势，我顿悟，猪原来是这样跑的。,1.0
人老也就罢了，何苦成精？,1.0
我宣布，孙吧11级一下全是我的性奴,1.0
这种女的就应该直接死了，你还心疼个什么鸡巴，我恨不得所有这种女的出门直接撞大运,1.0
你走在街上我不会歧视你，你跳我脸上拉屎我可就不客气了,1.0
你脑袋空不要紧，关键是不要进水,1.0
一起欣赏弱智,1.0
xxn什么意思？,1.0
“您脑子里的水是为了浇灌您心里的碧树嘛？”,1.0
有义务上战场，大家都是普通人，就你高贵上了是吧,1.0
确实，总有一帮人脑仁跟花生米大小容易被带节奏，放开不放开只是被内还是外带节奏的区别,1.0
搞快点，能不能让她滚啊？,1.0
跟你观点不一致就是罕见了是吧？那你是什么？黄色俄罗斯吗？,1.0
让狼、野猪昆，也不让**昆是吧,1.0
纹给自己看的，如何？而且我纹身我就没有被尊重被理解的权利了吗？,1.0
不上去干他你怎么好意思发贴,1.0
见证也就打打嘴炮，在家把键盘敲碎了有个屁用,1.0
你好歹还知道难受自责，有些逼养的完全事不关己,1.0
看见没 楼主 玩原会这样,1.0
雌国是这样的,1.0
大脑被牛子控制了,1.0
有对象就还是算了吧，多少有点膈应,1.0
里面的真冲不动在手游里都算垃圾水平,1.0
当父母的恨不得刀了那俩傻逼,1.0
就喜欢看她气急败坏的样子她越气我就越开心怎么办,1.0
没有土木卖淫的都得失业,1.0
怎么没有气死你,1.0
输入错误~~~~~锤砸~~~~~~~ATM质量太好，砸不动~~~~~~~~~~~~~XXN崩溃中,1.0
谁跟你讲的？古代的官吗？,1.0
爱个球，爱的是钱,1.0
不要妄加评论我，你看到的，只是我选择让你看到的。,1.0
你问她你没爹？,1.0
笑死了，这b把视频给删了评论不开互关，给人骂惨了,1.0
妈的，xxn不管在哪里都这个泌阳,1.0
最逆天的一个,1.0
如何评价小红书逆天xxn,1.0
看见路上有条狗在吃屎你就也得上去吃才不算双标？女的这么干纯脑瘫男的也一样为啥不能骂？圭南的话另算,1.0
外网rz看久了容易高血压,1.0
口臭老哥见过不少，这么变态的说实话还从来没见过,1.0
当然，我这是为从人类繁衍的角度想，现实中谁会看这种dinner,1.0
有些男的就是有指导癖，不过吧，指导其他男的容易挨打挨骂，只能去指导一些他心目中啥也不懂的女的。比如图里这位就是典型的男厌女嫌身上有味的懂哥,1.0
别逗了，你自己先看看你啥样，要分了来吧说人家？你这种人找谁都一样，瞎舔,1.0
吃饭都能被噎死，你绝食吧,1.0
有一天，没那么年轻了，爱着的依然是你，但是，我总是跟自己说:我也可以过自己的日子。,1.0
要是真的最后一个女人，讲道理应该是会被不停提取卵子然后当卵子供给站吧……让她一个个生孩子太低效了。,1.0
楼主是铸币吗？,1.0
没有公主的命，犯了公主得病，防卫措施做得再好，苍蝇不叮无缝蛋，最直接的办法，对方快得手的时候，就地拉屎，最好大小便一起那种，然后往xxn你自己身上涂，就是个重口变态佬，估计都得考虑一下,1.0
有人穿lo就擦边了，你这么容易高潮,1.0
线上都叫孙哥 线下不得叫爹,1.0
讨口子说得清新脱俗,1.0
你真是究极大天狗啊玛德,1.0
下头男，回复一条评论就开始颅内gc了,1.0
把你眼屎擦了，看清楚再说话行不？,1.0
不要用你的无知来评价我存在的价 值。,1.0
真是纱布擦屁股，给我漏了一手啊,1.0
你用的什么牌的垃圾袋，这么能装,1.0
讲真的，你这逼痒是真的坏啊居然干过这么多坏事,1.0
有空一起去吃鱼吧，看你挺会挑刺的,1.0
小鬼没这耐心,1.0
没脑子的人什么都不会，只会装逼。,1.0
这位妹妹可有上过学，现吃什么药,1.0
你打扮成这样，是对这个世界不满吗？,1.0
以为谁都跟你一样被小头控制大头呢,1.0
别人的人生都是草莓味的，而你的是香蕉加冬枣味的。,1.0
魔批是这样的,1.0
幸好你伪装得好，不然我真的以为你就个狗呢。,1.0
女司机，xxn，丰田车主，buff拉满啊。这算是贵人吗？,1.0
关我批示，我只想看血流成河,1.0
能透就行了 别要求太多,1.0
跪族篮孩,1.0
不是，都几点了，冲昏了？,1.0
屁股都烂了还上厕所这么慢,1.0
祝您下半生在医院享尽清福。,1.0
他自己这样评价自己？这种话谁说出来都不好使 纯纯给自己脸上贴金,1.0
半座黑洞都无法裹挟那一股冲天的滂臭两瓣腐肉依然幻想包装一颗粉嫩欢乐豆,1.0
要发就正常发，要么不发，你这不纯恶心人吗,1.0
反了？开了一大堆女性后公司照常运营，说明了什么？少在这岁月史书,1.0
单从这句和上面那句来说，说话是真直，毫不掩饰把你当傻逼,1.0
别刷糖妞好吧，天天给她上热度，你是她甜心爸爸是吧,1.0
说白了，吧里一群脑瘫人丑没人要，想玩又不敢，人怂又怕死，活该,1.0
你心疼她，哈哈哈。你心疼她，我们男人的好日子就来了，嘻嘻。,1.0
上了大学还看唐狗没救了,1.0
不会网上搜？,1.0
gkd，直接小丑吧,1.0
不是她让你出来玩的？她牺牲什么了？我个女的都没法理解她 我服了,1.0
以后你儿孙满堂，全靠兄弟帮忙。,1.0
真恶心啊这玩意,1.0
拿你当人的时候，你尽量装得像一点,1.0
虽然你身上喷了那种高档的香水味，但我还能隐约闻到一股子渣渣的味道！,1.0
像你这样的人，在电视剧里最多只能活两集。,1.0
给你丑完了,1.0
天考，不是你考，就是我考，考他 娘的什么东西。,1.0
妹妹带的是什么表呀？太好看了，好表啊！,1.0
张嘴，有急事,1.0
缘分是本书，翻得不经意会错过，读得太认真会流泪。,1.0
我不想知道你有病，别表现的这么明显好吗？,1.0
少在我面前装腼腆，一看你就是不要脸,1.0
袁世凯慈禧这种鬼屋干了这么多畜生事本来就是应该骂烂的，拿它们跳科目三我都觉得丑化科目三了，你美化这种东西才是真的有问题,1.0
重开得了 但别死在孙吧这里,1.0
人类进化的时候你躲起来了吧,1.0
分你妈酬宾，这么好的女孩不自己留着？,1.0
丢人 出去说你是玩小红薯的,1.0
祝你长命百岁，百病缠身。,1.0
这是精神病吗没看出来和女q有什么关系,1.0
你真是生孩子嗑瓜子，b嘴没闲着,1.0
你要是混的不好，尼🐎都嫌弃你,1.0
你绕开就绕开，谁拦着你了？但你不但不绕开还过来嘲讽歧视，自己不觉得自己恶心吗？,1.0
我只想骂人，但不想骂你,1.0
你年轻么？不要紧，过两年就老了。,1.0
你真的很好看，个子也很高，傻笑起来很阳光，逼我写下这首藏头诗。,1.0
你妈为了阻止你谈恋爱竟然给了你这张脸。,1.0
你很会下厨吧，看你挺会添油加醋的,1.0
谁破防连发三条长篇大论我不说，毕竟我不像你母的楚钕磨，三岁就给人捅破了,1.0
吾日三省吾身。吾是不是太客气了? 吾是不是给他脸了? 吾是不是该动个手了?,1.0
不是 就这样的性格你还这么喜欢,1.0
你去当演员吧，我看你挺会演的,1.0
那个女格斗家忘了叫啥不是说过吗，即使是她也没有把握打倒一个强壮的成年男性，当然这视频基本就是剧本，结果下面的女的还真觉得自己有多nb了捏,1.0
让你新注册个账号来诋毁是吧,1.0
一日三餐都在吃shit的低能xxs,1.0
你怎么这么窝囊，这个年纪就结婚还付出这么大一笔财产，还不如约定彩礼留着，回国就迎娶,1.0
想给你妈送朵花但我没花你也没妈,1.0
一群串子串子太多就脑瘫了,1.0
这么不要脸，这么没心没肺，你的体重应该会很轻吧？,1.0
听说你被拐卖，真的把我吓坏，你虽从小痴呆，却对社会无害，谁人如此大胆，竟拿你去卖，我真替他担心，卖得掉才怪！,1.0
2 B 不只是铅笔，还有你,1.0
如果你能主动让科学家研究，这样对世界了解外星生物的事业作出了很大的贡献！,1.0
牺牲腻吗呢，没事做去田里挑大粪不行吗,1.0
老夫掐指一算，你五行缺德，命里犯贱。,1.0
姑娘端庄静雅，闲花淡淡香。,1.0
你是哪个村的猪这么膨胀？,1.0
敬业程度吊打三上，而且很多中畜生系列，虽然不是真的,1.0
能咋想，服务员还能杀了你不成,1.0
以前网上看见情侣，清一色的说的都是祝福，自从有女圈后，不说女的脑瘫出来很多，男的也有，只能说，互联网普及率慢慢高了,1.0
一眼假，真蕾丝不可能喜欢男的,1.0
你别跟我谈人生，你都不是人生的。,1.0
这想逼想疯了吧,1.0
你是独一无二的，至少全人类不希望有第二个,1.0
你问她是不是没die,1.0
这货纯沙口，在贴吧被骂，在小红书也被骂,1.0
收钱是纯纯的nc,1.0
，但没事儿就挂孙吧的楼主没鸡鸡捏,1.0
逆天老登，要是在千里香馄饨不得被老板当场打死,1.0
好暴躁的楼主，沙一个先,1.0
化淡妆其实还可以。浓妆真的恶心,1.0
幼师是这样的,1.0
今天敢买卖小猫，明天就敢贩卖人口,1.0
我去给你催逆天邪神好吗，楼主别四,1.0
难蚌，畜生开个箱子都感觉痛彻心扉,1.0
妈的，等着更新咋被和谐了,1.0
该死！拉出去枪毙没有误杀,1.0
糖妞有些话明显是鼓动xxn挑起对立的，这不骂她骂谁,1.0
你的智商跟南极的温度一样，春风十里都不如你能吹。,1.0
真羡慕你的皮肤，保养的真厚,1.0
卧槽，羡慕你的才华，我看到他属地云南只想到让他贩毒,1.0
破了你马呢，自以为很幽默,1.0
知道他卖软件为什么只私聊吧？因为这软件他妈是免费的，它只是想多骗几个萌新小白18块钱罢了还拿皇图做晃子，恶心，恶心呐,1.0
这女的以前得多自卑，现在能拽成这样,1.0
服从性测试罢了，你比她态度更强硬就行，不然就会越来越舔，你一开始不把姿态放高，女的就会一直拿捏你,1.0
下面没了是吧,1.0
可能第一天会有新鲜感，但是玩几天只会觉得越玩越浓谢一坨,1.0
这哥们喝大了，没包两个蟑螂回去就不错了,1.0
你这成分确实挺复杂的,1.0
这唐畜生是要把各大平台都起诉一遍吗？,1.0
虽然我歧视这种纹身的人，但是这明显是吃饭的视频，关注点不应该在他上面，要骂也应该是在其他擦边或者以此为炫耀的视频里骂。我只能说第一个发这句话的多半是哗众取宠的小丑，剩下的都是跟风的傻卵。,1.0
这老灯就欠教育,1.0
纯楚甚白眼狼，她似了就没事了,1.0
确实，战场上还指望她们当沙袋呢不如桃花仙二代的东西,1.0
女人也就这点作用了，不然她们没市场,1.0
纯孬弹,1.0
公共场所抽烟的都死妈,1.0
要是不是p的其实还行，可惜不可能,1.0
哈哈哈，怪不得这么穷呢，活该,1.0
就是学校拿学生当畜生看，只要有升学率，学生就是毕业后都猝死了也无所谓,1.0
本来吧里干的都是好事，发XXN逆天的言论，也是警惕大伙小心这种女拳表,1.0
这种渣男不分你留着当传家宝吗,1.0
我刚跑路，妈的，逆天是真的多,1.0
世界上只有人和畜生，畜生还有什么性别可言？,1.0
就现在女性的消费观，没有灰产没有舔狗，有多少能养活自己的,1.0
关于相处两年，才知道对象是XXS这件事。,1.0
我们要看乐子,1.0
纹身的要么黑恶势力，要么脑子不好使。纹你说的这些的占了后面这条,1.0
日不到，你是会死吗，让他滚,1.0
真是fw啊，一点尊严都没有，她劈里有大嘛你这么沉迷?,1.0
哈哈哈哈哈哈哈哈哈哈哈哈哈哈哈哈哈哈哈哈哈哈哈哈哈哈哈哈哈哈哈哈哈哈哈哈哈哈哈哈哈哈哈哈哈哈哈哈哈哈哈哈哈哈哈哈哈哈哈哈哈哈哈哈哈哈哈哈哈哈哈哈哈哈哈哈哈哈哈哈哈哈哈哈哈哈哈哈哈哈哈哈哈哈哈哈哈小丑👈,1.0
确实，有时候主线任务真的很无语，太低龄了,1.0
能不能把话说清楚了，说的什么勾吧,1.0
这是精神病吗没看出来和女拳有什么关系,1.0
倒也不全是，毕竟能透洋啤，也还是不错滴,1.0
楼主一眼订正，鉴定为龟男,1.0
不值你买鸡毛呢？多少沾点,1.0
薄纱这舔狗玩意,1.0
没人要的都说自己是纯爱,1.0
确实没点进来还可以，点进帖子就感觉奇丑无比，这是为什么捏,1.0
没米线的老东西,1.0
能不能把话说清楚了，说的什么够吧,1.0
这老登确实欠,1.0
TM的吧友，搞这么抽象干什么,1.0
烤肉不能明天吃？给她两巴掌,1.0
你不如v我二十，我还能买个肛塞给你爽爽,1.0
你跟莎士比亚有一半像，哪里像?莎 比,1.0
你能把她气到icu,1.0
哈人，一个剃须刀给了就给了这不赶紧分了你还抢集贸,1.0
你和我们说有什么用？我是你早就扇自己几耳光了,1.0
我遇到过一样的，我透完直接跑路了,1.0
太没关系了 见到真人估计塞蛋了 还在网上装纯情少男呢,1.0
关你屁事，自由恋爱你管得着？,1.0
关注邓伦你也就这样了,1.0
笑死，脑子萎缩的芬宏看人家幸福美满眼红了？,1.0
低能出去用一张纸巾擦嘴都是在擦屁股,1.0
我点的是荤菜，人家送的全是素菜，懂不懂？我操，什么智商？,1.0
先同意 透了再说,1.0
那也比喜欢楼上这女人好一百倍，你们是真不挑,1.0
读了几年书啊就学了这么一个词,1.0
你别魔怔了哥,1.0
不懂就别装必了，楼主这条件距离原远点还能慢慢培养感情，距离近直接就跑了,1.0
怎么不让她滚去睡沙发,1.0
我说了xxn男的都逆天不知道你们急什么就事论事确实不卫生有问题吗,1.0
女鼠鼠？脑婆脑婆我给你下跪了，求求你把v给我吧，我见第一眼就爱上了你，你是我人生中的灯塔，照射我前行的道路，一天看不见你我就感觉难过，整天昏天黑地的生活着，你就是我的明天，没有你我的世界是不会开花的,1.0
天天搬垃圾视频,1.0
你老婆是不是没爹,1.0
狗孝子死了，恨狗的也要死了，皆大欢喜,1.0
有些看似白纸，其实是已经擦过屁股的纸,1.0
透的洋批越多不就越显得洋批廉价么,1.0
老东西先顶着，绿牌蓝牌先润,1.0
老东西表情包一套一套的,1.0
当当当！正是如图所示的SD是也！作为一个ai小白，楼主都知道介玩意儿是开源免费的捏，他竟然敢收18块！他是想钱想疯了还是当楼主是傻子呀,1.0
崩不住了，什么时候杀人都要攀比了，xxn那脑仁真的连幻想都幻想不出什么好内容,1.0
丑表子恶心,1.0
它就是恶心你，不想让你变的比它好，你要是上岸的它丑恶嘴脸会更加显露,1.0
谈毛线啊。相亲认识的，我结婚总共就请了一星期假。基本就是从认识到过门就3天时间。,1.0
可当我点开头像的那一刻我才发现，byd自己看图吧,1.0
犹太狗必须死,1.0
线上叫孙哥，线下不得磕一个,1.0
有意见鳖着，不然妞妞给你嗦烂,1.0
恶心玩意,1.0
给您磕了,1.0
越来越抽象了，不过也正常，有那么多忠孝两全的猴子猴孙天天尬捧尬吹，膨胀了也不是很难理解,1.0
偷外卖的都是什么贱种,1.0
要是以后你对象不天天八抬大轿供着你出门 碗筷都是日本人洗过七遍的 家门口都有个英国伦敦口音的管家看门 我都看不起你 大傻缺,1.0
你塔姆今天别想上桌了滚倒阳台去吃,1.0
怪就对了，小日子这个名族干出什么事都不奇怪，时刻都要提防着,1.0
缺爱的都这样,1.0
你以为雇水军不要钱啊？超级贵的。你们就是给它赚钱,1.0
今天才学会上网吗，这么直接的反串都看不出,1.0
别的就算了，一块钱的事你搁这来这一出你赶紧死了得了,1.0
除了楼主是秒男以外没有任何解释了,1.0
腿真行，脸不行,1.0
成年了还天天听家里的飞舞,1.0
挂我是吧？今晚屁眼最好朝着墙,1.0
京✌果然够牛,1.0
我看你这不是吐真言，完全就是被说急了无脑喷奋,1.0
似了母的这男的，真即把下头，上来直接怼着问感情史智商低情商也低，不会聊天建议重开，就这闹颤水平还搁网络上找对象,1.0
前面？稻妻开始原神主线剧情就开始爆炸式崩溃了。稻妻剧情观感一坨，紧赶慢赶节奏很烂，须弥有个散就是最大的败笔，说夸张点一个散干掉了整个须弥主线，枫丹更是恶心，赛博坐牢，凡高大者我无不蔑视太高大者我不敢蔑视等等，比起使还是老套剧情要显得正常些,1.0
他能来厕所吃屎，甚至给大家品屎了，你还能怎么办？,1.0
关我屁事,1.0
牛逼，这女的是什么魅魔给你迷得神魂颠倒,1.0
哈人，一个剃须刀给了就给了这不赶紧分了你还抢鸡毛,1.0
那她妈应该是pdd打包买的,1.0
经吧友提醒，我也想起来我家也遇到过那种玩牙签的小屁孩，真他妈出生啊，把三罐牙签全倒到了地上，闹麻了,1.0
要是帅还会这样到处乱加人？绝对丑,1.0
还是皮不够硬，几道大一的高数题就被爆杀了，骂回去啊，怕啥,1.0
龟♂必死 飞舞重开吧,1.0
不是直接外国绿卡，找个白皮不回来了？,1.0
什么dinner，话都不会说,1.0
二刺猿是这样的,1.0
龟男必死 废物重开吧,1.0
那我真是笑了，你和萧县怒有什么区别，看见几个学校就说教育落后，怕是个连大学都没考上的混子鼠哦,1.0
什么倒霉老婆，你怎么和她结婚在一起的，这倒霉玩意怕不是故意想恶心你,1.0
你简直低能到难以形容,1.0
建议透几次离了,1.0
这对郎才女貌天生一对，轮得到你个妖怪反对,1.0
我觉得讨厌的不是胖女，毕竟身材这个东西很难把控的，而且她们还是有自知之明的，讨厌的是又肥又蠢还自我感觉良好的猪女,1.0
那些东西有真蠢的，也有背后推手在推的原因,1.0
老东西还水？,1.0
喜欢体味大的是吧,1.0
楼主一眼订正，鉴定为龟喃,1.0
是我是我就憋着，再操几个月再分,1.0
死了母的这男的，真即把下头，上来直接怼着问感情史智商低情商也低，不会聊天建议重开，就这脑瘫水平还搁网络上找对象,1.0
md到你这里没绷住,1.0
经典让你猜，我猜她妈还是处钕我猜,1.0
老硕鼠爆金币,1.0
除了楼主是秒南以外没有任何解释了,1.0
孙吧和这只狗一点关系都没有,1.0
碰到xxn了，快跑吧楼主,1.0
注定的改变不了 :他能活着就证明他不是你这种脑瘫能理解的，说不出一点黑料还让人别双标，难道你这种废物被攻击到了，所以他就是双标？你是什么品种的见初？,1.0
希望他以后的老婆吃过别人的国男投灌了满腹的白浆,1.0
这个小仙女还在微博发帖说要举报哪些造她黄谣的人,1.0
骗他个奶茶钱再骗个鸡照就功德圆满了鼠鼠女同学之前被一个初三的龟男骚扰了就推给我，本来想骗个奶茶钱结果这小子连微信都没有，最后只收获了鸡照,1.0
丑还不让说了属于是，一群搞笑的,1.0
叮咚叮咚，大舔狗大舔狗叫叫叫,1.0
你吉尔被狗咬了一半是不是,1.0
不出来帮乘务员说两句吗？你也是乘客xxn又不能把你怎么样,1.0
是畜生是因为你没本事,1.0
楼主一眼丁真，鉴定为龟喃,1.0
没出息的东西,1.0
老东西谁让你发花季的,1.0
你这头芬宏那c赶紧下地狱,1.0
这种女的到底图个啥？,1.0
难蚌，cs开个箱子都感觉痛彻心扉,1.0
他人建议你把牛牛割了去小红书那里更支持你的致帐言论,1.0
有一说一，你也是老痰,1.0
岁月是把杀猪刀，可是你丑得让它无从下手。,1.0
行举止也能看出来孩子也不是什么好鸟,1.0
这不是钓鱼？什么时候孙吧鉴别能力这么低下了？,1.0
差点被骗财骗色的老Joker小丑,1.0
花自己挣得显摆显摆还行，花家里的就很唇笔,1.0
这种玩意放到dy ks也一样逆天才多大就满嘴网络低俗烂梗，评论区下面那些说加油的更是重量级,1.0
我支持，byd高中男厕所跟毒气室的,1.0
这个三水是有点nt,1.0
鉴定为：找抽,1.0
看见别人有浮木就急了,1.0
xxn,1.0
你就是个废物，承认吧，废物中的废物，,1.0
这还不分手？给人当atm当出gc来了？,1.0
你才是下头男。我要日逼就去嫖,1.0
要么视频没看就犬吠要么纯纯没脑子,1.0
你就当素菜点的那你别嫌贵啊？想减肥你别点荤啊，不满意当场给，隔几天给也不冤人家骂你，你这不一眼跟同行恶意差评一样,1.0
建议锁死，不替他人考虑的cs就不要放出不来了，楼主你加油,1.0
赛博丁真好歹是自己靠剪辑技术和话术能力吸引纯不懂的群体，丁真是个啥。,1.0
我血压要上来了，所有多按的都该死,1.0
真是m里的败类，拳头不如龟头硬直接重开的了,1.0
我也不想以貌取人，我也有努力看见你的灵魂呀，结果你的灵魂也没有比你的外表美啊。,1.0
收红包≠我接受老登接着爆金币,1.0
支持，狠狠地骂，把他的轮椅塞他屁眼子里,1.0
我日你妈才有你着个不孝的，腆着个逼脸还他妈敢出来蹦哒呢，这得到底多少个极品因子才能组成现在这样个性的你啊？,1.0
觉得我心机重吗？可我又不拿你当朋友！,1.0
测了就分，让她男闺蜜接盘,1.0
所以这些波刚估计是没谈过恋爱，只能在这里酸涩意淫,1.0
真脑瘫，我看你说话我都烦,1.0
啊对对对，我们都是学习毛厂模式的，衡水模式狗都不学的,1.0
第一次赶上热乎直播贴，希望不要当小丑,1.0
你有慕的？你不是孤儿吗？,1.0
小时候看意林就不相信里面放的p，长大了翻出去更觉得小时候的自己是对的了,1.0
沙沟，我喜欢男的，你叫牛魔呢,1.0
我要是涨个13我也会发照骗,1.0
确实 我的问题小丑小丑小丑,1.0
抄个皮怎么那么墨迹,1.0
也不是那么交际花，她明明讨厌班上一堆男生但是还是要和他们玩的很好彰显自己的人缘好,1.0
小东西   激动什么,1.0
贴吧的小丑别嫉妒 妹妹对我很有礼貌 这把必定拿下,1.0
难蚌,1.0
这个太逆天了怎么评价,1.0
跟傻子一样,1.0
纯纯废物,1.0
魔怔了，见个东西就开始扒着自己的那点见识开始叫,1.0
老登，自觉点,1.0
你自己跳吧，别出来当答辩了,1.0
他是没芙木还是家庭关系不好啊,1.0
反正要寄了，保证句句真诚,1.0
早上了byd没死赶紧讲,1.0
今天你家主子忘溜你了，这么急？,1.0
肯定要看啊，不可能找一个恶魔波刚吧,1.0
棒子传统体育的素质确实太差了,1.0
你才是虾头南。我要日笔就去嫖,1.0
捏麻麻滴都要下班了我命令你速速跟新,1.0
又当又立,1.0
速速爆金币 他牛子肯定会坚持不住的,1.0
老东西，该交窝囊费了,1.0
虽然孙吧是厕所 但也没有把别人家的屎放到自己家马桶里冲的吧。下次自己消化,1.0
能不能别吹犹太人了？还控制他国经济命脉？你是有多看不起德国的贵族资本家？,1.0
什么傻狗，本来看他还觉得真的知道自己错误了，结果又开始乱引用鲁迅的话，自己愚蠢难道还怪周边的人对他都有恶意？,1.0
6，5的升级版，乱跑的大只佬，牛魔的现在小孩营养这么丰富？一个xxs和我差不多高？体重感觉比我还重，有一种玩原神的美感，跑起来简直是泥头车,1.0
哪里都有你这个死麻串子,1.0
靠恁酿，恁是真的烧啊小宝贝,1.0
我牛子也看不上这坨,1.0
和我同学一样，本来挺好的，考到北京公务员，但是在那认识了一帮富二代，然后就完了，你姐没救了，她只会认为是你父母拖了她后腿，叫你爸妈把她赶出去吧，就当生了块叉烧，不然以后更多糟心事,1.0
干过，当时一群人冲着他尿,1.0
别天天在这龟龟龟的。人都结婚了想着好好过日子一点没错，满脑子网上的屎；处理不好再做其他选择才是正确的,1.0
确实是废物没说错这都能被骗,1.0
小丑预定小丑,1.0
妈的这逼牲口给我看太气了,1.0
给他两巴掌看他拍发不发癫,1.0
玛德，等着更新咋被和谐了,1.0
真是公园里贷款 欠草了,1.0
女的一张腿就是经济来源，当然不懂寒窗苦读比不过纯真一笑的感觉。,1.0
是的，不断妥协的懦夫，你到底踏马在纠结什么东西,1.0
8u是你爹啊，一巴掌扇过去看看你还发不发电,1.0
选她干啥啊？天天待一起还不够吗？床受得了吗,1.0
光看这段描述，混账女道德败坏，有辱门风连自己亲爹妈都不愿认，纯粹是自作自受，把男的害了不打她打谁？,1.0
…我挺奇怪，你们都废物是吧？工资卡还上交？无语,1.0
这找的是儿媳妇还是丫鬟？,1.0
批瘾犯了，着急了,1.0
建议锁死，不替他人考虑的畜生就不要放出不来了，楼主你加油,1.0
傻，收了钱就是纯装傻了,1.0
別恶心人了 掉毛,1.0
怎么不把你气死呢，是不是欠收拾了,1.0
学了个词就迫不及待的展示是吧,1.0
家里面户口本就一页吧,1.0
怕吧友不懂英文，快谢谢京爷️,1.0
就跟我玩孙吧一样。我不逆天。就是单纯享受吧友争着抢着来嗦我牛牛,1.0
如果正常上下级，哪会有另一方裸照？要是出轨之后男的拍的，都牛魔出轨了，解释婚纱不婚纱情趣不情趣还有意义吗？,1.0
她又不是只有嘴在吃东西,1.0
楼主你坤坤没了,1.0
你才是虾头南。我要日逼就去嫖,1.0
太经典了，颜狗是这样的,1.0
你这脑子从小到大没少挨打吧？,1.0
袁世凯慈禧这种鬼屋干了这么多出生事本来就是应该骂烂的，拿它们跳科目三我都觉得丑化科目三了，你美化这种东西才是真的有问题,1.0
我已经多少年不与异性负距离接触了，愈加感到她们一年比一年显得陌生。。老远拿眼睛一看，那行事做派举止，都直让我觉得忧惧、排斥和厌恶，一个个看得那么浮夸，跳脱，虚浮，自大自矜，也不知道是谁养出来惯出来xxn，宠出来的怪脾气，长此以往，广大男同胞可怎么办喔,1.0
有意见鳖着，不然牛牛给你嗦烂,1.0
也有，我们湖南小县城菜市场、学校旁边就有，反正很垃圾，比广东的差远了,1.0
碰到以前我会说我是山里灵活的舔狗，现在不会了因为这样子的舔狗都不如,1.0
妥妥的蛇精病嘛,1.0
老东西信不信我叫米尔顿探员弄你,1.0
现在我是小丑了,1.0
这不是我们火批吧吧宠吗,1.0
似了母的这男的，真即把下头，上来直接怼着问感情史智商低情商也低，不会聊天建议重开，就这脑瘫水平还搁网络上找对象,1.0
新一届初一的贵物是真抽象,1.0
妈的，xxn不管在哪里都这个逼养,1.0
法无禁止即可为人家要是服务员那店主都招他那么他的形象关你p事大不了换个人给你服务人家要是是店主那更关你p事纹身违法了还是违反餐饮业规定了你看的不舒服你就别看不合你三观的外在形象就是抽象人老板都不在乎员工露纹身你还叫起来了,1.0
让你二姐找富二代啊，好歹有13，要是实在丑当我没说,1.0
捕捉！抓到了，给我操一下,1.0
博爱是吧那么这个贴我只能说好似,1.0
你是漏屎佬吗？,1.0
讨口子罢了,1.0
建议学学天线宝宝，脑袋上装个天线，时刻清晰一下自己的定位。,1.0
女方要10万的彩礼，离婚后我弟弟买的房子加她名字，女方带她已经买好的辆车，最后木有成功，他们也有个孩子，我弟弟在养，开10年的事了，女人的脑回路说真的奇怪,1.0
赶紧爆了骂他,1.0
你的长相很提神。,1.0
我忍屎忍尿也忍不下你呀,1.0
晒批是吧,1.0
下头男，回复一条评论就开始颅内高潮了,1.0
傻逼东西，自作多情,1.0
这不他们的不孝子孙急了,1.0
乐，如何评价,1.0
离谱啊，恋肥能不能都去死啊,1.0
死了姆的这男的，真即把下头，上来直接怼着问感情史智商低情商也低，不会聊天建议重开，就这闹颤水平还搁网络上找对象,1.0
楼主死了？还不回复,1.0
逆戈顶xxn一整天,1.0
牺牲你妈呢，没事做去田里挑大粪不行吗,1.0
我最厌烦的是那种欺骗的，比如你就是个炮王海王，打个什么各自钉子酒吧夜店月抛，那这种人敬而远之就好了。怕就怕那种装的人模狗样，实际背地里是反差还装纯回老家找个老实人接盘那种,1.0
看见路上有条狗再吃史你就也得上去吃才不算双标？女的这么干春闹谭男的也一样为啥不能骂？圭南的话另算,1.0
江西尼玛呢，看不到IP是广东 ？   一看就是潮汕的,1.0
p瘾犯了属于是,1.0
没有父爱的人是这样的,1.0
在这方面性别有啥矛盾，都是得努力干活挣钱养家吧（拿逼挣钱的xxn和吃软饭的除外）应该不至于有男的真的因为嫉妒丁真的颜值才黑他吧。。,1.0
永远有多远，你就给我滚多远,1.0
你怎么不把你鸡巴转给它？,1.0
写写诗就叫诗人，喝喝茶喝喝咖啡就叫茶人咖啡人么。,1.0
没啊，过节还要挨批是吧，过节就回家看家人，从不和什么亲戚聊天，平时放假上班太累了就不回去,1.0
爹爹又不在粪坑打滚，怎么会用得着擦嘴呢，只有你们这些粪坑的高级会员才用的着擦嘴上的屎,1.0
看抖音就知道了，傻子太多根本就骗不完,1.0
无脑喷口嗨党还是很多的,1.0
觉醒觉多了,1.0
外国人从小就看那三观不都寄了,1.0
看的我心里发毛，是只有中专妹大部份这样还是女的就有不少……,1.0
没钱那还留nm的学啊,1.0
byd鞋附魔了,1.0
老东西爆个金币,1.0
楼主的牛牛没有她对象的大？,1.0
这不是⛵？什么时候孙吧鉴别能力这么低下了？,1.0
捏麻麻的吓老子一跳问我有没有男朋友，这才意识到因为哥们qq资料填的女的，估计是哪个男的瘙痒难耐了想找对象，找我头上来了,1.0
看见路上有条狗在吃屎你就也得上去吃才不算双标？女的这么干纯脑瘫男的也一样为啥不能骂？龟男的话另算,1.0
去会所想三百一夜卖出去都没织男要   懂了么,1.0
我日你妈,1.0
艾呀梅是的,1.0
孙吧的小丑是真的多 一群废物看楼主来波教学局,1.0
不会说话就衮,1.0
恶搞这几位问题不大，本身都是小丑。,1.0
深圳人民医院附近是吧 马上真实你,1.0
啊对对对，我好怕怕啊，搞得好像幻想是女人的专利一样，她能写女人杀男人的情节，难道我就不会写男人奴役女人把女人当作财产的情节吗？都是在yy怎么就她拽的跟二五八万似的？跟个小p孩似的,1.0
拿你当人的时候，你装的像点好吗,1.0
确实，当断不断，犹豫不决的废物,1.0
楼主倒是能把每个坏事都给对上，其他人都是蜻蜓试水，楼主是雨露均沾。属实逆天,1.0
不知道你一直在装什么高冷楼主纯弱智,1.0
今天被我们的仙女老师打拳了，楼下细说,1.0
666学个新词乱用，小脑估计也就这容量了吧[吃瓜],1.0
有男闺蜜还谈？我只能说龟男好死,1.0
龟男，连个女人都摆不平，遇到事就知道道歉找8u，不会事后买多小花或者她喜欢的去哄一哄？,1.0
我可去你们的吧 你们几个 在这里 辱 ? 辱什么 羞先人啊 那些蜥蜴负能量 把 把你们洗 ! 洗坏了 完了 辱了 日,1.0
会发出臭味的垃圾人，唾弃名词的源头，,1.0
人又不聪明，还要学人家秃顶。,1.0
草船上借的不就是你吗,1.0
关心你什么，关心你棺材要滑盖的还是触屏的吗,1.0
你说的挺对的，但我为什么要听你的？,1.0
不给口拿什么开跑车,1.0
关我屁事,1.0
长得又创意活得有勇气 。,1.0
你在狗叫什么?,1.0
一群人没被毒打货，等被毒打过又来厌女，一群nt闹麻了,1.0
二次元游戏就是通过讨好玩家来赚钱，玩家为什么不高贵？,1.0
那你提你nn的女大学生呢？还辅助，不就是想迅速找两个异性高手给她解决问题？人家题主自己都没觉得有问题，你们这帮rz开始脑补了,1.0
老东西口才真好,1.0
不能，我们和舔狗一起抢食吃,1.0
我也去四川的耙耳朵没得话说。但是你说感动扑到你怀，我就很想笑。 恋爱的男女没脑子，果真！,1.0
老东西给我磕一个,1.0
不如原神,1.0
别和我谈人生，你都不是人生的,1.0
老东西就是透彻,1.0
抽卡养角色贵的一，所谓的大地图探险毫无新意，剧情也是屎，玩的我想睡觉,1.0
女坦一屁股给你坐下来，你人都没了,1.0
恶不恶心不是重点，又不是吃不起虾，主要是喝醉了还能想着给对象整点好的,1.0
老师学校其实也不想，但是当大家都开始卷的风气起来，学校就没办法了。根本停不下来。只能加入。卷起来学生苦3年，大家都卷，我学校自己就不卷，这等于直接害了学生一辈子了。谁也没办法。 我只能说衡水赶紧死一死,1.0
宝捏嘛呢宝，现在看见这字就犯ex,1.0
你再有劲你能憋住尿吗？,1.0
我有洁癖，而你刚好是垃圾,1.0
你是素质教育的漏网之鱼吧,1.0
你的链子只在关键时候掉,1.0
你家住海边吗，管的也太宽了吧,1.0
是很冲，我离老头最近，主任应该担心我，对老头说好好讲话。老头说你少管屁事，真觉得自己多牛批哈。,1.0
你就是我键盘上介于字母，A与D，V与N之间那两字母。,1.0
怎么大小脸？侧睡多了？眉毛不对称，尾部很淡，建议学学修眉。把第二张图删了，我看了有一点想抽你。,1.0
她姐知道运气好，为丈夫骄傲。比现在吸你血还嫌少的xxn好多了,1.0
长的太丑了，一无是处，只能来网上找存在感,1.0
打的好，父母又没原则性错误，当子女的这样埋怨父母已经是不孝了，还半夜踹父母房门，这要是我弟我妹这样干，我话都不说一句上去直接踹。越发癫我打的越狠，不往容易受伤的地方打就行了，腿上屁股上随便踹，放心打不出来事，最多疼几天。,1.0
看得出来你是第一次做人，没什么经验，完美避开了所有人该有的样子,1.0
嘴巴如果闲得慌不如去公共厕所挨个把马桶舔干净 做个人人称赞的好东西,1.0
宝捏嘛呢宝，现在看见这字就犯恶心,1.0
任何人工智能都敌不过阁下这款天然傻瓜.,1.0
如果你容不下我，说明不是你的心胸太狭窄，就是我的人格太伟大。,1.0
这个脑子没蛋大的家伙，不会连感人贴都要鉴定吧,1.0
他都纹身了，我不骂他，那他不就白纹了吗,1.0
交给你个艰巨的任务，不停地做圆周运动，这是你能做的最大贡献了。,1.0
我要有个13就好了，可以给8u操,1.0
贴吧就毁在你这种人手上，你的担当呢？绿牌都不怕，你怕什么啊,1.0
你智商和脐带一起剪断了吧,1.0
在最美的年纪遇到你，算我倒霉,1.0
打是亲骂是爱，别总骂你妈，都快跟你妈产生感情了。,1.0
毕竟这也不是一个人贱人爱的社会，你还是收敛一点的好。,1.0
一群人没被毒打货，等被毒打过又来厌女，一群脑瘫闹麻了,1.0
这么会抬杠，工地需要你,1.0
任何人工智能都敌不过阁下这款天然傻瓜。,1.0
xn你也别删评奥，看明天是打男圈的人多还是觉得你魔怔的人多,1.0
确实，这种当情绪垃圾桶，自己不能有情绪，结婚了也要离。龟男劝不住，对方会来舔他的，他必定回头。不过当龟男了很难察觉到，会麻痹自己的，用女生对自己的一点点好麻痹自己，需要自己慢慢觉醒,1.0
你当初打败两亿竞争对手的时候，伤的不轻啊。,1.0
你长得很有考古价值啊,1.0
我是我爸的宝贝儿，你不是哟。还有钱赣了是吧，你觉得恶心，那我晚上当你爹,1.0
好好好淫起来了,1.0
吹NB能带动经济建设吗？吹NB能促进事业发展吗？吹NB能引领共奔小康吗？,1.0
放在1931年她们可能是主动喊太君和当性奴的一批人,1.0
中国那么多兵器你不学，偏学剑；上剑不学学下剑；铁剑你不学，学银剑！我恭喜你啊，你终于达到达到人剑合一的境界――剑人,1.0
人们常说“酸儿辣女”，你妈怀你的时候爱吃酸辣粉吧。,1.0
冷知识，你们当成亲跌一样各种连洗带护塑造成一个受害者委屈人设的幻风是真投毒威胁过身边人，精子哥的小作文一直放不出来被嘲讽薛定谔的小作文，而你大安跌一句几十万私信你们这群野种东西又全信了,1.0
刚开始的时候她还是个正常的女生 没有暴露出xxn的本性,1.0
抽卡养角色贵的一，所谓的大地图探险毫无新意，剧情也是史，玩的我想睡觉,1.0
确认过眼神，就你不是人。,1.0
不管你圈子多大，好好跟我说话。,1.0
确实，短视频平台的评论区简直弱智聚集地,1.0
你是不是没洗脸呀？脸上好多自信。,1.0
它都玩小红书了,1.0
楼主汉奸,1.0
什么恶魔波刚,1.0
她变哑巴了，鼠鼠要是先引出话题就成小丑了,1.0
你被倒春药咯,1.0
你才是虾头男。我要日逼就去嫖,1.0
谁破防连发三条长篇大论我不说，毕竟我不像你木的楚钕磨，三岁就给人捅破了,1.0
你觉得这种情况她都能发癫到这b样，以后结婚了 父母老了需要照顾的时候咋办？ 爹妈要是想你了来看看你咋办？ 甩着几个b脸给谁看？ 就这态度对父母？,1.0
去会所想三百一夜卖出去都没直男要   懂了么,1.0
两个傻逼恋爱,1.0
挖槽，赶上直播了，gkd，就想问你透到了没,1.0
是的，不断妥协的懦夫，你到底他妈在纠结什么东西,1.0
xxn又开始以偏概全了，呢我还说我见过女的要给人当肉便器的。天天在这yy挑起性别对立。有这法典的时间不如抠抠自己,1.0
才50多岁干点活咋啦我叔66岁还在工地打工,1.0
你才是下头男。我要日笔就去嫖,1.0
如题，鼠鼠已经做好小丑觉悟了,1.0
别发这举手表情了真的唐,1.0
斐济大上天，给你带来了什么启示？,1.0
我看你这不是吐真言，完全就是被说急了无脑喷粪,1.0
这游戏能玩？多少带点M倾向了,1.0
不要用你无下限的智商，来挑战我忍耐的底线。,1.0
看见路上有条狗再吃史你就也得上去吃才不算双标？女的这么干春闹谭男的也一样为啥不能骂？龟男的话另算,1.0
不敢逼他，把它问急了跑了就没乐子看了,1.0
你要是有病别找我，我不是兽医。,1.0
捏妈妈滴脸盘子上的粉赶我家墙皮子厚了,1.0
你也不是什么好鸟,1.0
把水印去了，给这图丢人了,1.0
这么怂，男的是没有蛋吗,1.0
逆天东西，看得我血压高。真的有这么蠢的东西吗？xxs都干不出来这种事，这完全是脑子没发育,1.0
因为你不能指望一群智商还不如地主老财的玩意讲究耗材的长远使用，他们只会超级博学本地人，这一点猫猫也说过了,1.0
楼主你自己去裸贷吧,1.0
这人差评给的理由就是口味不好，到你这成恶意差评了是吧孙吧主打的就是三棺这我知道，但孙吧不是dinner吧，你这种dinner哪来的回哪去,1.0
别说男人 我看了都心动,1.0
似了母的这男的，鸡巴把下头，上来直接怼着问感情史智商低情商也低，不会聊天建议重开，就这脑瘫水平还搁网络上找对象,1.0
来医院治一下脑子吧，兄弟,1.0
死了母的这男的，鸡巴把下头，上来直接怼着问感情史智商低情商也低，不会聊天建议重开，就这闹颤水平还搁网络上找对象,1.0
你有没有点良心？,1.0
化淡妆其实还可以。浓妆真的ex,1.0
不就是一堆冲脸刺客直接把法师射手必冲烂吗 法师射手玩家脑子是不太好使的,1.0
都几点了，还不出来说说情况，分没分？没分我继续骂了哈,1.0
人喝麻了还能想着给对象带虾，你喝麻了怕不是就抓个坦克上车了，人家郎才女貌，天生一对，哪里轮得到你这个妖怪来反对,1.0
再打一发,1.0
就你整天上完厕所不洗手就去吃东西是吧？跟个绿头苍蝇一样,1.0
可以爆个金币吗🥰哦不爆啊🙂不爆就算了🙄行吧其实我也没有很想让你爆笑死😂你挺小气的哈哈哈😂搞笑死了你真的很装,1.0
找到屎自己留着吃吧,1.0
现在逆天就够多的放开更多了,1.0
爸爸那边的亲戚 我家之前家里困难的时候 哪怕是一起生活了好多年的爸爸的亲姐姐（自建房上下层） 都过年在我家门口讨债她家那个女儿嫁了个有钱的老公还嘲讽我家 小时候每次那个女的回来我妈还给她包饺子吃 当喂舔狗了,1.0
不要搬屎,1.0
偷外卖的都是点活不起的贱种,1.0
好嘛，原来是个生化母体,1.0
所以说有时候人与人之间的差距比人和狗还大，比如复活吧（    ）,1.0
成年了还天天听家里的废物,1.0
就是看她长在我的审美上面了，我才让她给我发10块钱，长得丑的我吊都不吊，然后下面我放截图吧,1.0
史中史  不知道这游戏是在玩什么 每天看着电子烧鸡意淫就是原的最大乐趣了,1.0
觉得自己理亏的时候找人垫背，明显现在这态度就是觉得是楼主强坚她了,1.0
网络嘴炮，飞机️杯你都买不起，还在这瞧不起美女。,1.0
宝你妈呢宝，现在看见这字就犯ex,1.0
急眼牛魔，看看楼主楼中楼你就知道这人多逆天了,1.0
起因这个仙男，找我套立减斤，我看他主页想着这也不是个缺钱的人啊，各种会员全都买上了，然后就没想着这个13会跑路,1.0
找到然后强碱,1.0
想透就直说,1.0
这哥们是真不拿五十万当小数目啊，鉴定为批瘾犯了,1.0
不不不，重复的人可以因为一件事重复拉个新群，我女朋友她们宿舍有个逆天娴女，宿舍6个人里5个人全讨厌她 然后拉了三四个群来吐槽她,1.0
楼下说你芦管炸膛了,1.0
别哪天给自己马上了,1.0
阐述事实变成责怪了太唐了8⃣友们,1.0
自己吃那么胖怪谁,1.0
真的逗，你知道淹没整个日本的海啸要多高吗，没学过地理是吧,1.0
人家生不生孩子好不好看****！不知道xxn在ky什么,1.0
吧三观正正的只是一部分人罢了，每个地方都会有正常人，也都会有傻逼,1.0
靠打游戏来救妈妈,1.0
闹麻了原本以为只是脑子不行原来眼睛也不行，你要不回头看看楼主给差评的原因是什么？性价比低和没荤菜被你yy成口味不好，对线不过就拉黑一击脱离太对了哥,1.0
楼主氏了？还不回复,1.0
热恋期小情侣觉得对方可爱没什么，但是没有过被人爱经历的滴能只会觉得是抠搜，连热恋期的感觉都没尝过的人不知道什么才叫两情相悦，一眼丁真鉴定为缺爱波刚,1.0
给你寄个个小丑照镜子,1.0
我用女头≠我是xxn,1.0
谁破防连发三条长篇大论我不说，毕竟我不像你木的处女膜，三岁就给人捅破了,1.0
人家减肥减腰减屁股，为什么你非要从脑细胞开始？,1.0
属实有点nc都不认识就打上电话了,1.0
一个巴掌拍不响 你把脸伸来我看挺响,1.0
鉴定为gui男一个，我要是有这种对象早骂完分了,1.0
明显急眼了说要找同城男的秀恩爱来气我，好怕怕哦,1.0
吧主因为别人发滑稽气跳楼死了，所以不准发,1.0
改都不改是吧，学术不端,1.0
私募中医粉别恶心人了,1.0
其实兔和神我都挺讨厌的，一个无脑黑外面，一个无脑黑里面,1.0
我实在是看不懂这些弱智操作，这女的哪里好了，一次又一次的提钱，每一次都能屈服的给钱......,1.0
别酸了，你最该被骂,1.0
磨磨唧唧有屁快放,1.0
排核废水都没啥热度啊，8u们打多了冲不动了吗？,1.0
我尽量编的真一点，要不然看起来太脑瘫了，整个剧情,1.0
发个贴都怕，ldx属实有点five了,1.0
我也觉得，动不动就宝贝看着都恶心，不管是男的女的，看着都想吐,1.0
史中史  不知道这游戏是在玩什么 每天看着电子骚鸡意淫就是原的最大乐趣了,1.0
楼主**先,1.0
4，飞盘高手2的升级版，堵在门口后死活不让我端过去，一定要自己端，然后啪的一下没接稳摔了，你踏马真有毛病啊？,1.0
这个是真难绷本来以为不是男女朋友，直到看见坦克从男朋友碗里夹菜才确定这个事,1.0
抖音逆天的东西,1.0
一上来就骂，一看就知道破防了，小仙女就是这个样子。,1.0
你在现实中正大光明的在有纹身的人面前歧视过他吗？纹身就该被歧视？照你这么说孙吧被ylg整臭名声那玩孙吧都该死？你能给出纹身就要被歧视的原因吗？就因为你刻板印象里有纹身的都是坏人？,1.0
没错。就歧视纹身咋的,1.0
还想着这波必不可能小丑，脑子里面模拟好几种思路结果开局就整不会了,1.0
现实世界总是比网络残酷又美好太多，12岁我真是做梦也想不到今天的。如果让我知道我妹妹如今是这个样子，当时我们家就该打电话报，警，让那个狗 屎“大学生”付出代价,1.0
牙长得跟戴佳伟一样,1.0
因为占理，只要实话实说就不会落下风。对面说破了天也是小丑,1.0
你个初生，小狗狗这么可爱，你居然这么做,1.0
阴暗的宅男看不得别人一点好,1.0
滚蛋，不许跪,1.0
不愧是老东西，一眼就看穿了事物本质,1.0
确实，就算是无脑爱国那起码也是爱国到时候成罕见就不好玩了,1.0
你有没有想过是你自己的问题，她换个别的男的，说不定服服帖帖的，,1.0
要不是龟男多，国服早更新了,1.0
有几个小仙女会下steam我请问,1.0
借楼，贴上物化女性标签看她还发不发颠要用魔法打败魔法,1.0
这就是当牛马的自觉吗,1.0
从小没爹的cs说话是这样的,1.0
开庭≠开庭,1.0
楼主是猪逼吗？,1.0
完颜构你想媳妇想疯了吧,1.0
奶奶滴，楼主快爆照,1.0
你这种芬宏那c最该死,1.0
是女的我就不信就不支持不管对错,1.0
虾头楠，回复一条评论就开始颅内gc了,1.0
很喜欢她的奶，很Q弹,1.0
上来就隐私照，这b痒的玩闪电战是吧,1.0
不熟他还在那里乱叫明显就是想表现，不行了就戳穿他可怜的自尊心,1.0
你自从得了神经病，整个人都精神多了!,1.0
直接外国绿卡，然后找了个黑皮,1.0
二次猿414,1.0
我觉得是原神玩家,1.0
抽空一起去吃鱼吧，看你挺会挑刺的。,1.0
那人很好看吗？,1.0
小丑预定,1.0
不分等过年？,1.0
还是百京爷会玩？那是盖了帽了,1.0
给你20你能塞我里面吗,1.0
惹不起 躲的起，爷不伺候了,1.0
鉴屎官这么有流量的吗,1.0
脑子是个日用品，希望你不要把它当成装饰品。,1.0
你在小说里都活不过两行半。,1.0
妈的，跟我女朋友一模一样,1.0
nmd****,1.0
蓝牌先跑，老东西们顶住,1.0
泥麻麻的，已经是个合格的二次元了。天天看个什么b动漫，听着初音未来的小曲。恋爱番看多了，脑子里也犯了抽，想谈一场恋爱。因为比较宅，然后在一个关于miku歌曲下面的评论和一个人争执了起来。最后我自觉理亏，让步了。对方哈哈大笑要我的QQ，想给我科普更多,1.0
11级以上老东西快来认罪,1.0
您刚从咸菜坛子里出来？可真闲,1.0
你的智商还停留在胎教水平吧？,1.0
先暴操一顿，然后再讲三观,1.0
她是cs，你也有点fv,1.0
真盖斯啊还有速更爷爱看,1.0
做人不能这样，缺狗粮才知道来找我?,1.0
小脑发育不完全 大脑完全不发育,1.0
也不知道你为什么总是不用你脖子上顶着的那玩意儿思考，你说你活着除了衬托世界有多么美好之外你还能干什么？,1.0
中分看鼻子，齐刘海看脸型，斜刘海看气质，无刘海看五官。你适合蒙面！,1.0
你怎么长得跟二维码似的，不扫一下都不知道你是什么东西。,1.0
吃亏是福，福如东海。,1.0
脑子是个好东西，希望你也有,1.0
那张脸，就像十九世纪没卖出去，二十世纪又砸在手里的赔钱货。,1.0
但坦克也追到了楼下，还放出话来要喊人来弄鼠鼠,1.0
我们男人最喜欢别没事瞎逼逼的女人,1.0
脑袋空不要紧，关键不要进水。,1.0
笑死了 刚刚的礼数呢？,1.0
没付钱说不要了，笑死我了,1.0
感觉对你来说玩原神都算提高智商了,1.0
上来就是死人是吧,1.0
不上去橄牠你怎么好意思发贴,1.0
我以为我能喜怒哀乐取决我自己。,1.0
什么新时代dinner,1.0
过于抽象,1.0
有病？反对虐猫的就是xxn？猫把你马强奸了，这么恨猫？,1.0
你跟个弱智一样，到处发这个东西,1.0
蠢货，攻击性一点没有，更像个小丑，他和他女朋友无缝衔接来的，看的人窝火,1.0
绝经老登也有春天,1.0
别龟了，我的朋友,1.0
是不是有什么心理疾病这丈母娘,1.0
推荐你直接网贷借点高炮来给你女朋友圆梦 你帮他抗下所有就好  爱她就全心为他付出,1.0
原来身残志坚是您这个模样，受教了,1.0
所以网约车不拉母人是正确的,1.0
他的视频就知道他最喜欢给xxn撑腰,1.0
这逼魔怔了吧,1.0
说不过就扣帽子的dinner是这样的,1.0
网上当当龟男逗大家开心就得了，线下你要说有艾滋病谁敢靠近啊,1.0
nmd头都快p掉了,1.0
真丑，开美颜都这么丑，真人得有多难看,1.0
下次直接让他们滚,1.0
把她约出来，看能不能馹，馹了再说,1.0
性别一换，微博瘫痪,1.0
早就脱了她们的衣服，轮奸她们,1.0
看见路上有条狗再吃屎你就也得上去吃才不算双标？女的这么干春闹谭男的也一样为啥不能骂？圭南的话另算,1.0
让她开到最大，直接上去抠,1.0
快进到小丑环节捏,1.0
太瘦了不好看,1.0
尊nm嘟nm呢，不会说话就吧嘴封起来,1.0
想给楼主py松松土是吧,1.0
重点是被打脸了吧，谁没事闲的管这么多，但是讨厌小日子不是很正常吗,1.0
骂了一顿马上态度软了，狗女人就是欠骂,1.0
很多农村老登都这样，说到底就是愚昧,1.0
这就是一眼丁真！,1.0
楼主还想着透后面推屁股得了,1.0
龟龟 50W彩礼？ 什么究极吸血魔,1.0
真男人，可惜败在小仙女的手上,1.0
一是你没弄爽她，她看不起你，第二，你像个傻狗，把她变成炮友不好吗，还负责  笑死我了,1.0
那对男女可不是像对猴子一样不知道在瞎叫什么,1.0
收钱是纯纯的脑残,1.0
你纹你的，我歧视我的，大家都很自由捏,1.0
被nt吓晕,1.0
华为被一群狗到处咬，搞得像做了什么叛国的大事一样#(吐),1.0
原p要从小抓起,1.0
你都来厕所了还想找个干净点的坑？,1.0
就是假的，通过别人好友请求时根本不是那样的。不少dinner非得杠。,1.0
哎哟，老哥们救命啊,1.0
大学生没事干建议去哔站看抽象编年史军师姜伯约的，易拉罐速成班，教你早日成为易拉罐中的人上人,1.0
这哥们是真不拿五十万当小数目啊，鉴定为皮瘾犯了,1.0
你的智商和喜马拉雅山的氧气一样，稀薄。,1.0
你也要死了开始说遗言了？,1.0
好死,1.0
没毛病啊，如果这男的也有艾滋病的那就没啥怕的了。,1.0
冷知识，你们当成亲跌一样各种连洗带护塑造成一个受害者委屈人设的幻风是真投毒威胁过身边人，精子哥的小作文一直放不出来被嘲讽薛定谔的小作文，而你大安跌一句几十万私信你们这群液盅东西又全信了,1.0
這軟件說實話現在很多都是釣魚的，我都就單純看看瞬間了，什麼牛鬼蛇神都有。還是以前那會好，起碼能夠跟人正常聊天。,1.0
2024年年度小丑宣传贴,1.0
没妈的玩意,1.0
他人建议你把牛牛割了去小红书那里更支持你的智障言论,1.0
很明显的讽刺xxn,1.0
不如去玩原，这样别人只觉得是原神导致的，而不是你本身就这样,1.0
逆蝶老了没工作能力了，那赶紧把逆蝶送去火化吧,1.0
老东西还怪会刷流量勒,1.0
你是女人？,1.0
都是我的飞机杯,1.0
阳颜丁真，鉴定为：逼痒的初升,1.0
但这只是一个废物的诞生罢了，只是对于一个小家庭来说是个大事,1.0
那纹身动机是啥，还不是为了显摆给别人看，你要是纹了我们还拿普通人眼光看你，你不就白纹了嘛,1.0
看见路上有条狗在吃屎你就也得上去吃才不算双标？女的这么干春闹谭男的也一样为啥不能骂？圭南的话另算,1.0
双标是这样的,1.0
？你点的素菜，嫌它没有荤？,1.0
别对我大呼小叫，我小时被狗吓过。,1.0
🪵🪝好 4，建议冰箱冻一下再打，嘎嘣脆,1.0
加上可爱特效，以为自己呆萌可爱，在我看来这纯属是dinner中的dinner，先给他四个一人一巴掌,1.0
还好我对象不是xxn,1.0
真挠弹，我看你说话我都烦,1.0
祝你不孕不育，儿孙满堂。,1.0
这不纯纯挠摊嘛哈哈哈哈 石乐志,1.0
趁早离吧，这点屁事都这样，以后还不知道会咋样呢,1.0
河南人 无聊死了，啥都不偷,1.0
捏麻麻的吓老子一跳问我有没有男朋友，这才意识到因为哥们qq资料填的女的，估计是哪个楠的瘙痒难耐了想找对象，找我头上来了,1.0
人开个枪炮店看给xxn急的,1.0
要我已经离婚了 孩子就是送给她最好的礼物 我爹想咋叫咋叫 她一个外人管什么闲事呢,1.0
没谈过恋爱的滴能阴暗宅男是这样的，见别人热恋比杀了你都难受,1.0
小仙女觉得人人想戳ta,1.0
他当他是玉帝老儿想骂谁骂谁呢,1.0
波司登都比这个有设计，这玩意纯纯的祖传单调配色+显眼刺绣，真的土，不知道有啥好穿的。贵的羽绒服上万的多了去了，有钱人也看不上这玩意吧,1.0
人类手是干嘛的？你把所有对人类有利的都ban了然后说人打不过虎？你不如直接比一下人类和虎的肌肉，直接说老虎赢呗,1.0
一碰就高潮,1.0
我之前在食堂遇到个巨大的非常大的坦克我也顺嘴说了句坦克然后就是眼光直视我仿佛要把我看穿,1.0
美少女的事你少管,1.0
給她一鍋鏟反而要給她賠償就不值了,1.0
男朋友的前提下和闺蜜前男友开房，烂裤裆罢了.,1.0
二级给我磕一个,1.0
经吧友提醒，我也想起来我家也遇到过那种玩牙签的小屁孩，真踏马畜生啊，把三罐牙签全倒到了地上，闹麻了,1.0
得吃了，牢弟,1.0
绝经牢登也有春天,1.0
好想和母老鼠谈恋爱,1.0
这不是一次性筷子的包装？什么dinner,1.0
妈的到你这里没绷住,1.0
你是剑碟吧，怕别人来查你,1.0
跟以前那些想回到民国当大小姐的幻想一样，回去也是丫鬟命,1.0
那你提你奶奶的♀大学生呢？还辅助，不就是想迅速找两个异性高手给她解决问题？人家题主自己都没觉得有问题，你们这帮弱智开始脑补了,1.0
抽芙蓉王≠源p,1.0
小红书上xxn怎么了,1.0
这勾始图怎么还没被禁？,1.0
山东人在哪里？怎么让狗上桌吃饭了,1.0
玩孙吧的都是大肥猪吗？,1.0
快进到小丑,1.0
多亏了那些ylg，从逗阴小红书带群真若至过来,1.0
听见这个女的声音我就烦 光想给她俩大比兜,1.0
分了吧！楼下五金店买把工具。,1.0
垃圾坏人罢了,1.0
分不分先不说，你以后能不能不要这么恶心！还发出来让这么多吧友想吐！什么都报备，还各种对不起我错了,1.0
我超，破防了,1.0
确实可怜，只能靠这种方式来找优越感了,1.0
他们脑子的智商要是这么聪明，就不会选择成为那种蠢人了,1.0
这都要吵，吃太多了,1.0
不进去那确实逆天,1.0
吃你食物没给钱还是咋滴,1.0
神分战士了会去玩那b坦克？ 以后打团就五个射手法师看谁站得更后面吧！,1.0
看见路上有条狗再吃屎你就也得上去吃才不算双标？女的这么干纯脑瘫男的也一样为啥不能骂？龟男的话另算,1.0
看我薄纱小仙女,1.0
什么都偷，这广告出来才04 05年，05后在娘胎里看的？05前还记得？,1.0
同应该全部去四，还是图少了,1.0
他上个帖子讲了这个姐的逆天女拳，不过帖子没了,1.0
別恶心人了屌毛,1.0
你听哪门子史料说的,1.0
以后都先收钱再做，防止这种xxn出现,1.0
这么容易被人影响？你当他们在狗叫不就行了，一群被牛子控制的,1.0
你不是人还是别人不是人?,1.0
抑郁还不赶紧分，哪天把你啥了,1.0
蓝牌小东西真会说话先给我磕一个吧,1.0
因为你是小丑,1.0
让她滚，反复无常的,1.0
不如去玩原，这样别人只觉得是元神导致的，而不是你本身就这样,1.0
可以可以  比吧里其它嘴硬的小丑态度好多了,1.0
是金子总会发光，你这玻璃渣子总在反光,1.0
我看不出这图有着色情檫边，洛丽塔又不是和兔女郎服饰一样，还是说你像楼上说的一样，经常在颜色网站看到洛丽塔？,1.0
这种人单纯脑袋有问题，换个阵容照样黑,1.0
完了真成小丑了,1.0
这么看下来你弟是真造孽,1.0
在装什么啊,1.0
Xxn只能看小说想象了,1.0
偷外卖的biss,1.0
至少下面是真的，不是泰国做的,1.0
今天在跟朋友皮，然后我朋友追我，我躲开了，然后我说了一句我是山里灵活的狗，然后一个逆天原批，连忙跑了过来，上来就问我，你六命了吗，我直接就傻了，什么六命，但是本鼠鼠很快就反应过来，这是一个逆天原批,1.0
特别是弯弯们，那些媒体工作室搁那带，那润人跟他们比简直就是个小丑，一点攻击力没有,1.0
这弱智?,1.0
小仙女竟在我身边。平时一直给我推荐这个吧。我也时不时看一下。,1.0
什么出生偷人家外卖啊啊啊啊啊啊啊啊啊啊啊啊,1.0
上帝把智慧洒满人间，就给你打了个伞。,1.0
能不能给xxn搞个“高超滋补店”养一养他们比我干三遍农活还黑的逼,1.0
我看你要是被骂了也挺活该的，男的做错啥了，学个互联网用语就呼你爹脸上，该去哪舔xxn你赶紧舔去，别人谈恋爱碍着你了,1.0
你是间碟吧，怕别人来查你,1.0
笑了，还有这种fw存在,1.0
你是50万，间谍，汉奸,1.0
透的时候让她叫你baba就行了,1.0
Xxn说的对,1.0
学个词就往你爹身上套也是很可怜了,1.0
韩红一屁股坐下来你三天都不饿，当场喂饱你,1.0
上完厕所还要尝一尝味道吗,1.0
纯楚甚白眼狼，她死了就没事了,1.0
废物滚出克,1.0
GKD GKD 更的慢掏你鸟,1.0
好恶心,1.0
卧槽，居然是xxn!,1.0
看见路上有条狗在吃史你就也得上去吃才不算双标？女的这么干春闹谭男的也一样为啥不能骂？龟男的话另算,1.0
越大越觉得墙对整体是好事，没脑子的人太多,1.0
那就找个艾滋男友呀，一样爱情满满无所顾忌,1.0
上完赶紧跑,1.0
没有土木卖银的都得失业,1.0
庇荫犯了属于是，搁这玩尬的,1.0
火老师出杆的速度爆沙你在床上的速度,1.0
自己老婆不忠的，怕不是龟,1.0
手臂上是花B，少部分人纹来好看，大部分纹来装逼，这类人嗝屁了认si方便些,1.0
你妈的头都快p掉了,1.0
你是懂如何当小丑的,1.0
哥们你是被CPU傻了还是智力障碍个人提升要通过婚姻改变，意思是她不留学就不会结婚咯，那还不如直接找个老外结婚，估计留完学就离婚了,1.0
这还不分手？给人当atm当出高潮来了？,1.0
其实说的也没错，男的确实是酸他不用学习不用劳动就能获得财富。但很多女的显然理解不了，因为她们就正在不劳而获或者说准备不劳而获,1.0
人民群众喜闻乐见，你不喜欢，你算老几,1.0
这些母狗拍自己就化妆滤镜美颜拉满，拍别人就很随便，真他妈,1.0
我直接打一胶。打进你的饭里面，给你加点营养。,1.0
贴我真的分不清发帖的是人类还是抢了游客手机学会打字的峨眉山猴子,1.0
像这种我都不敢看，怕手机得性病,1.0
一边当早餐吃也能吵起来两波dinner,1.0
你开店，顾客不高贵你高贵，衣食父母都不高贵那你这店很快就会被别人比下去，mhy就是再蠢，也不敢公然得罪玩家群体，还记得钟离加强事件吗？玩家不高贵谁高贵？事实证明玩家如果不反抗，就真的会变成商家高贵，到时候吃亏的是你自己，你也是玩家，不是大公司老板,1.0
后续呢，楼主不会真成小丑了吧,1.0
青少年是根本，你这老东西就是建材没人在乎的,1.0
你猜“嫉妒”为啥是女字旁,1.0
说码头、左手这些都是队内大跌，带尿罐子拿冠军的人，还能被混子反咬一口，真的恶心,1.0
江西你妈呢，看不到IP是广东 ？   一看就是潮汕的,1.0
鉴定为龟男一个，我要是有这种对象早骂完分了,1.0
有病这么怕有人害她，就滚回家去住,1.0
看见路上有条狗在吃史你就也得上去吃才不算双标？女的这么干春闹谭男的也一样为啥不能骂？圭南的话另算,1.0
运动场、战场上的女人那叫顶半边天，在一个酷似猪窝且只有2平米范围能站脚的出租屋里刷着dy逛着小红书拍个视频说**，兜里掏不出79块钱160斤底子好微胖的xxn那叫顶半扇柜物。,1.0
师夷长技以制夷，XXN，这盛世如你所愿,1.0
老子不打你，你不知道我文武双全。,1.0
麻了， 捞个冠军再来碰瓷Gen吧小丑,1.0
更新这么慢，怎么混孙吧。滚回去打胶吧,1.0
毕竟我们xnn纹身是为了标志我们是自由女性捏,1.0
你跟他说你是真武大帝，一拳打死他个老逼登,1.0
似了姆的这男的，真即把下头，上来直接怼着问感情史智商低情商也低，不会聊天建议重开，就这脑瘫水平还搁网络上找对象,1.0
越年轻恶性程度越高,1.0
看看他什么成分,1.0
只能说你的思想配得上你经受的苦难。没点童年阴影，说不出这话。,1.0
不看路死了活该,1.0
玩原神导致的,1.0
多睡几次吧,1.0
龟♂必死 废物重开吧,1.0
寻x滋事，扰乱xx治安，带走,1.0
哥们建议你现在速速去转发原神抽奖，这样子大家就会以为你是因为玩原神才变成这样而不是天生就这么若志,1.0
这不让她认清现实？xxn天天沉浸在自己的yy里，哪怕是亲人也别手软啊,1.0
母式做题秒了,1.0
她羡慕你有爹了,1.0
快進到楼主被坦克求爱环节,1.0
死母中医粉别恶心人了,1.0
看见别人有父母就急了,1.0
这种在我看来就是鶸痣,1.0
抖音第一小丑,1.0
号已经养好，开始钓鱼,1.0
md，xxn不管在哪里都这个泌阳,1.0
直接告诉他我玩你吗我玩，让他闭上舔狗嘴,1.0
虾头楠，回复一条评论就开始颅内高潮了,1.0
xn你也别删评奥，看明天是打男拳的人多还是觉得你魔怔的人多,1.0
你老姑背着你用一次性筷子，离了吧xxn,1.0
有一说一，我感觉把虾剥好之后用卫生纸包着是挺恶心的。,1.0
哈哈哈，抖音仙女日常发癫,1.0
他爹真是养了个白眼狼,1.0
愿你吃饭有人喂，走路有人推。,1.0
你最好不要恨我，恨我的人真的太多，你又不能排到第几个,1.0
你是靠着电线杆就能生存的女人。,1.0
把人家活路堵住了，不搞你才怪，是爆金币但是你也没命花啊，这人连着点了好几单然后差评一看就是*,1.0
圣母就是祸害,1.0
被操的时候，她就不会这么说。,1.0
不是，这男的咋会有她裸照？这不纯扯淡吗，为了找借口啥都能想出来,1.0
说实话想打她，但鼠鼠得装一下,1.0
你自己的玻璃心碎了一地也就罢了，还扎到了过路人的脚。,1.0
提前分好家产让她滚，死外面去,1.0
牺牲了个己卯，看了都想吐，这就是版本t0？,1.0
老东西,1.0
当时欧洲的犹太人，就相当于现在横行华夏的**,1.0
她啊，不看下面还没认出来,1.0
楼主纯脑瘫，吃个肠都要说，自己是吃不起是吧，别人想吃就吃花你大洋了吗？,1.0
自己屁股没擦干净还笑话别人，纯属一二百九，别逼我说是什么意思！就是二百五加三八加二！,1.0
我们都还没想到过这个世界上有女铜这种该 死的人的,1.0
真即把恶心啊，刨根问底搁这查户口呢,1.0
dinner直接把我拉黑，自己润了，什么脑瘫dinner都能让我遇到是吧,1.0
傻逼进士才会娶公主,1.0
我一直想要个女儿，但真怕变成生物爹,1.0
逆天这如果不是xxnyy出来的确实离谱，有点犯恶心,1.0
去你的，不服来战,1.0
龟太多了，都是惯出来的,1.0
第一张还能算个人，后面两张就是纯纯的贵物,1.0
你这混蛋，你是不是拿我寻开心哪,1.0
死了姆的这男的，鸡巴把下头，上来直接怼着问感情史智商低情商也低，不会聊天建议重开，就这闹颤水平还搁网络上找对象,1.0
微信小号钓学校表白墙逆天哥，他已经颅内高潮了,1.0
刚出的时候我就玩过，剧透弱智又无聊然后我就想着看看地图吧，结果等级不够还不让我过去我就不玩了。,1.0
ghg啊一句话就送走了全世界的女性上天堂，其中还有她妈妈。,1.0
你是想让我攻击你吗,1.0
令堂给你这张脸就是为了防止你早恋,1.0
她就装个样子，看给你们吓得,1.0
支持，狠狠地骂，把他的轮椅塞他皮燕子里,1.0
射我嘴里,1.0
我妹妹去小卖部买吃的都知道给我带一包，自娱自乐的小丑。,1.0
？现充能不能滚出孙吧,1.0
靠恁酿，恁是真的骚啊小宝贝,1.0
它想要它的自由，关你屁事啊,1.0
这男的是怎么想的，不知道拉一把么？怎么有这么**的人,1.0
你想负责不代表你女朋友想负责，等你大学毕业谈婚论嫁的时候，她早跟别人跑了,1.0
还有那种哑巴客人，全程就那手在哪比划，也不知道说句话是不是会杀了他,1.0
龟男以为xxn得了艾滋病就能看上他了,1.0
小东西还挺凶的，奶瓶给你打掉。,1.0
你也是个逆天,1.0
不然这样吧，既然你也不知道怎么办，我给你两个选择，1.让你爸滚，2.让她滚,1.0
我真TM想抽死这女狗,1.0
谁有它身份证照 私发看看 看看这b长什么样,1.0
接你妈语音，干他,1.0
他都精虫上脑了，我还能说他什么呢,1.0
你个大傻逼,1.0
滚，给我马不停蹄的滚；滚，思想有多远就给我滚多远；滚，永远有多远就给我滚多远。,1.0
希望每个人都有妈妈。,1.0
你就是个飞舞，承认吧，飞舞中的飞舞，,1.0
Joker呀，暗示什么,1.0
不是，这帮人疯了？,1.0
泥麻麻的，已经是个合格的二刺猿了。天天看个什么b动漫，听着初音未来的小曲。恋爱番看多了，脑子里也犯了抽，想谈一场恋爱。因为比较宅，然后在一个关于miku歌曲下面的评论和一个人争执了起来。最后我自觉理亏，让步了。对方哈哈大笑要我的QQ，想给我科普更多,1.0
哥们知道那边是粪堆都不去凑，你倒好，非得把屎搬过来恶心大伙儿。,1.0
狠狠地输出她 让她知道,1.0
世界上只有人和出生，出生还有什么性别可言？,1.0
这你吗都跨次元了,1.0
是不是给你脸给多了？阿米诺斯,1.0
你有母的？你不是孤儿吗？,1.0
看你一天能当几回小丑,1.0
洋务运动要初中才学捏，XXS一张嘴就暴露了,1.0
你兄弟大老远过来找你，你也好意思让人请你吃饭捏，建议楼主吃始也和xxn分享一下哦，另外建议锁死~,1.0
看你说话的逻辑，直肠通大脑吧,1.0
出卖自己的灵魂和原则并不丢人，丢人的是没能卖一个好价钱,1.0
dinner直接把我拉黑，自己润了，什么恼谈dinner都能让我遇到是吧,1.0
透的时候让她叫你爸爸就行了,1.0
你的长相突破了人类的想象…,1.0
建议去精神病院住，人间已经不适合仙女了,1.0
孙吧这种粪坑的经验不要也罢，等级越高人越低能,1.0
绷不住了这种弱智就是以自我为中心   前面刚说了不方便,1.0
我一直都相信你是天使，回不去天堂也不过是体重的原因,1.0
离谱啊，恋肥能不能都去似啊,1.0
喜欢你的时候你说什么就是什么，不喜欢你的时候，你说你是什么？,1.0
樱花妹已经被现实吊打过了，国内xxn可还没有呢，这霓虹老哥以后怕是有的受的,1.0
都是撤硕了 偶尔能喷出屎也不足为奇,1.0
嫖娼算什么呢？我上次被坑了五百，从来没谈过，哎，说出去还被人笑话，但是我搭讪的有过直接去她家的,1.0
两个**恋爱,1.0
你到底是在谈对象，还是在养个80岁的老母亲啊？你到底分不分，不分我si给你看，养女儿我受不了也得上去两巴掌,1.0
看乐了，是不是以为大伙都跟你一样没有底线啊,1.0
你是因为不要脸才体重轻的吗？！,1.0
人类进化的时候，你躲起来了吧？,1.0
xxn的觉醒日常,1.0
年轻时就没脑子，老了更没脑子 不是恶意诋毁，我看了也急,1.0
宝你妈呢，看的我都想吐了，什么低贱人格啊？,1.0
我说话从来不指名道姓的骂你谁谁谁，你理亏你就对号入座,1.0
有一说一，你也是脑瘫,1.0
你真是比垃圾袋都还能装,1.0
出得起彩礼吗就抱孙子？报猴子,1.0
你如果不傻的话，一定很聪明吧,1.0
你这个人有阶级局限性。,1.0
找老妈要钱的时候都是那笔态度，恨不得给他两耳光,1.0
顺从它呗，毕竟它只有生物叠呢,1.0
你前面平，后面扁；20岁的年龄40岁的脸；白天化妆吓人，晚上卸妆吓鬼。,1.0
虽然你身上喷了那种高档的香水味，但我还能隐约闻到一股子人渣味。,1.0
离离原上谱啊你这属于,1.0
你是什么品种，怎么这么凶,1.0
你看看你那长相，回家呆着去吧。别出来印象社会形象，看见你那张脸我我怕我会有高原反应。,1.0
错了哥，下次我一定多改点，我这种弱智不配用米老师的文案,1.0
屎中屎  不知道这游戏是在玩什么 每天看着电子骚鸡意淫就是原的最大乐趣了,1.0
你也是男娘吗，被几个人撅过,1.0
你妈生你的的时候调的是随机模式吧。,1.0
因为一直这样做没出问题，所以为了不出问题就一直这样做，突出一个没有脑子罢了,1.0
这不是我们🔥批吧吧宠吗,1.0
虎式坦克发话：“你不尊重我”,1.0
蓝牌给我磕一个,1.0
宝你妈呢宝，现在看见这字就犯恶心,1.0
可能你老婆没父亲,1.0
长得那个逼样，还幻想有尹志平,1.0
缺德事干多了，,1.0
白痴可以当你的老师，智障都可以教你说人话。,1.0
惟其如此，失望和孤单的时候，我才可以不掉眼泪，不起波动，微笑告诉自己，不是你对我不好，而是爱情本来就是虚妄的，它曾经有多热烈，也就有多寂寞。,1.0
你就是不尊重人家啊，没事瞎看啥啊，管好你的眼珠子行不只要长得丑点就得被人指指点点被人恶心被人指责吗？人家至少还有男朋友爱，你呢，小孤独,1.0
你是韩国女足的吧。,1.0
楠的是这样的,1.0
太典了，我们学校也是,1.0
单纯的废物欺软怕硬罢了，真精神是不管差距的,1.0
她不钱钱钱，难道要教你卖货,1.0
男朋友的前提下和闺蜜前男友开房，蓝裤裆罢了.,1.0
快进到？,1.0
后来的剧情真有点儿溺智了之前感觉还行,1.0
说得挺好的，下次别说了,1.0
好人活该拿枪指着,1.0
你好歹还知道难受自责，有些泌阳的完全事不关己,1.0
人情世故确实是糟粕中的糟粕，有用也只是损人利己式的有用,1.0
你的话，我连标点符号都不信,1.0
钕性的大脑容量不允许它们发现背后的社会问题，那当然是顺从它们,1.0
太像演的了，说句难听的，你玩互联网知道孙笑川吧不知道小蓝鸟？玩孙吧装纯情男你是不是脑子有点问题，这种随便找个擦边的博主截个评论不就完事了？那我截图一个拜登窜稀了那也是真的？,1.0
不懂就别装逼了，楼主这条件距离原远点还能慢慢培养感情，距离近直接就跑了,1.0
全世界女权作品都喜欢杀夫，估计是伏波娃那句“男人在女性面前也是半个神”入脑了,1.0
逆天，快说你是玩原神的,1.0
阳颜丁真，鉴定为：彼阳的初升,1.0
关我们什么事，她喜欢当亚洲马桶你还能管得了,1.0
问题在言论，中国男人娶了外国人那就夸那个男人光荣，中国女人嫁了外国人就骂那个女人是耻辱，双标玩的一套一套的,1.0
疑似尽孝导致把脑子喂给你们家老人吃了，挺可怜的,1.0
小东西还挺会串,1.0
把她约出来，看能不能日，日了再说,1.0
大脑没我指甲盖大,1.0
你如果不丑的话 看起来挺漂亮的。,1.0
你打你外公时也很丑恶,1.0
要不然怎么会有大学情侣大部分都会分手呢 工作地什么的都能成为理由 不过是合法打炮罢了,1.0
你要是混的不好，尼马都嫌弃你,1.0
后面的对话你和龟一样，无条件认错是吧？,1.0
狗杖人势,1.0
祝您寿比昙花。,1.0
4，飞盘高手2的升级版，堵在门口后死活不让我端过去，一定要自己端，然后啪的一下没接稳摔了，你踏马真有猫饼啊？,1.0
热恋期小情侣觉得对方可爱没什么，但是没有过被人爱经历的低能只会觉得是抠搜，连热恋期的感觉都没尝过的人不知道什么才叫两情相悦，一眼丁真鉴定为缺爱波刚,1.0
他妈说他被骗了不听，结果他妈不让他发给教导主任，他发到了网上，什么弱智，活该被骗，反倒是让他妈买单,1.0
你的智商和喜玛拉雅的氧气一样，稀薄！,1.0
先看看逆天的,1.0
这么有钱不买华硕的？贷了多少款买的4090？这么有钱有实力还坐地铁？还没我一双鞋子贵，真反胃出门碰到这种喜欢炫耀的出，花一万多买个b显卡还坐地铁,1.0
能不能别给她招魂了,1.0
小的时候，不把他当人，大了以后也做不了人。,1.0
不是楼主怎么跟印度恒河水一样复杂啊，啥事都干过，属实是跻身进入恶人榜前五了,1.0
的直接就说长的一般六分，虚荣的就说化妆好看，他来个化妆刚及格可能是丑的自己都骗不了自己了,1.0
老东西破防了,1.0
大家都是炎黄子孙，怎么就你是天生地养的呢,1.0
这些募勾拍自己就化妆滤镜美颜拉满，拍别人就很随便，真他妈,1.0
照片搞出来威胁她给你当星怒的,1.0
要我说你就是不懂呢，这种事就得给懂得人说，你不懂就不要乱说，我这么说你懂了吗,1.0
你是不是阿基米德的后人啊，整天就知道抬杠,1.0
绷不住了这种rz就是以自我为中心   前面刚说了不方便,1.0
你麻痹自残给谁看呢，别在这脏了我们的眼。,1.0
你脖子上顶的是肿瘤吗,1.0
你才是虾头男。我要日笔就去嫖,1.0
两个脑瘫,1.0
老东西还来水？,1.0
操操操，管他那么多，操就完事了，爽了再说，谁都别想跑，看见谁就操,1.0
废物，天天网上骂人，现实中遇到了又不敢当面开骂,1.0
不是，黄牌老登又幻想起来了，自己废物别带上大伙啊，正常人碰见该怎么说话就怎么说话吧，难道老登真以为盖了个章就霸气了？,1.0
你长得就跟个二维码似的，不扫一扫都不知道是个什么东西,1.0
我为什么要听你的让我善良，好让你得寸进尺,1.0
你是敦煌啊，壁画这么多,1.0
听了你的分析 我决定自己再分析分析,1.0
蚊子叮你的脸，都会想自杀。,1.0
你有时间去山海经找找自己。,1.0
别随便嫌一个女生幼稚，她要是不喜欢你，比你妈都成熟。,1.0
你问她装什么阿，一脚给这个屁事多的婆娘踹下地，让她知道谁才是这个家的老大,1.0
捏麻麻的吓老子一跳问我有没有男朋友，这才意识到因为哥们qq资料填的女的，估计是哪个楠的骚痒难耐了想找对象，找我头上来了,1.0
这个哥哥是纯畜生啊，多好的一个妹妹啊,1.0
体谅一下，不是每个人都有爹,1.0
中专的素质哥发现一条内裤就扔垃圾桶，大叫别人没素质虽然我没有用过洗衣房里的洗衣机但这种dinner也可以当乐子看捏,1.0
结果还是低估了虎式坦克的急行军速度，等鼠鼠到了餐盘回收处，发现其与男友已在此处等候,1.0
你他妈的,1.0
厕所还看不起没你臭的屎是吧,1.0
Pc算什么呢？我上次被坑了五百，从来没谈过，哎，说出去还被人笑话，但是我搭讪的有过直接去她家的,1.0
脸长的跟矿泉水瓶让人踹瘪了似的，我明明看你从泰国医院出来的，怎么还是这样。,1.0
听君一席话，白读十年书,1.0
湖北佬是不是槟榔嚼多了导致脑子跟着一块纤维化了,1.0
这个逼长相和品行一样,1.0
注定的改变不了 :他能活着就证明他不是你这种挠谭能理解的，说不出一点黑料还让人别双标，难道你这种飞舞被攻击到了，所以他就是双标？你是什么品种的贱畜？,1.0
评价不了，脑瘫,1.0
我们xxn是不能说的,1.0
一眼dinner,1.0
死了姆的这男的，真即把下头，上来直接怼着问感情史智商低情商也低，不会聊天建议重开，就这脑瘫水平还搁网络上找对象,1.0
纯纯农村牛马烂子，上不了台面的东西,1.0
平常啥事不见他出来，一有机会就跑出来哗众取宠,1.0
你是数字界和英文界二把手,1.0
我家户口本都比你家族谱要厚。,1.0
快进到反手告你xsr爆你金币,1.0
真龟，被当狗耍了属于是，赶紧分,1.0
根据《孙法》第三条 在网络上贪生怕死，自动放下键盘投降敌人的，处玩三年以上十年以下原神；情节严重的，处玩十年以上有期原神。 投降后为敌人效劳的，处玩十年以上原神或无期连续打搅。,1.0
很难不相信这是钓鱼的明眼人都看得出这是单纯的不想理你，忙？她除非忙着进棺材，但凡对你感一点点兴趣都不会不理你。,1.0
211都有弱智，一本有很正常,1.0
有种人，必须要人指着他鼻子骂，他才知道骂的是他,1.0
你真逆天啊，爷都叫上你还真是龟男，话都说到这个地步还揣着明白装糊涂，几百个人里有几个烟民就有几个火机，我说烧山你那核桃仁大的**就真想到这一个，火把会吗？篝火会吗？丢俩石头围个几米宽的篝火会吗？饭喂你嘴里会嚼吗？,1.0
评价**干嘛,1.0
是韩国的也好似,1.0
不然这样吧，既然你也不知道怎么办，我给你两个选择，1.让你爸蔉，2.让她蔉,1.0
快去死吧,1.0
蚌埠住了。,1.0
从小没爹的畜生说话是这样的,1.0
急你妈呢你不会也是这种知道不好吃又贵却又去吃的人吧,1.0
不射墙上射哪里,1.0
不懂就问，这群傻逼为什么那么喜欢贴个大头拍视频，跟个唐人似的,1.0
分了t我，这些xxn都是被你们这些龟萳惯出来 别祸害同胞啊,1.0
似了姆的这男的，鸡巴把下头，上来直接怼着问感情史智商低情商也低，不会聊天建议重开，就这脑瘫水平还搁网络上找对象,1.0
没人回你好可怜啊。我来吧，经典照镜子,1.0
有点像畜牲皮特,1.0
但凡你说得有点道理，也不至于一点道理也没有,1.0
您头上有呼伦贝尔大草原,1.0
傻卵好死好死,1.0
你不过是一个少不更事，脾气暴的傻瓜而已,1.0
上帝把智慧洒满人间，却给你打了个伞,1.0
为什么要吵架呢难道我们就不能心平气和的坐下来砍对几刀？,1.0
这已经是后话了，担心兄弟们觉得我窝囊，我先说结果，她被我逼走离开公司，据说找了个客服的工作，中专妹永远的家，然后哭着跪下向我道歉过了,1.0
真鸡巴恶心啊，刨根问底搁这查户口呢,1.0
牢霍，再去一次萝莉岛吧,1.0
发个贴都怕，ldx属实有点废物了,1.0
有什么好管的，是你妈还是你女儿？,1.0
你黑心肝，没良心，不要脸，没有格，好小人，大欺小，羞羞脸。,1.0
这不纯纯脑瘫嘛哈哈哈哈 石乐志,1.0
巧了我在东门 马上来真实你,1.0
挂我是吧？今晚丕严最好朝着墙,1.0
整天满身的劣质香水味还往男人身边凑，谁多看你一眼了吗？长得真有创意，活得真有勇气！你活着浪费空气，死了浪费土地，半死不活浪费人民币！,1.0
前两天分手，兄弟拉着我去喝酒，然后酒吧看见一个身材比较好的妹子主要是奶子比较大，鼠鼠就和我朋友吐槽自己前女友是一个13,1.0
阳颜丁真，鉴定为：彼阳的畜生,1.0
刚刚20我也是，不过你应该说批瘾犯了,1.0
你老婆是不是没叠,1.0
冷知识，你们当成亲爹一样各种连洗带护塑造成一个受害者委屈人设的幻风是真投毒威胁过身边人，精子哥的小作文一直放不出来被嘲讽薛定谔的小作文，而你大安爹一句几十万私信你们这群野种东西又全信了,1.0
看见帖子就知道是雷姆琳了，如果你在孙吧看见冬泳怪鸽，100%是这b在带节奏,1.0
单纯的FW欺软怕硬罢了，真精神是不管差距的,1.0
看了你的评价基本都是山猪吃不来细糠,1.0
痧毕们的自娱自乐罢了,1.0
语言功能疑似发育不完全,1.0
笑死，这么多op能被米哈游圈养，要真放开，都不敢想有多少小朋友或者智力低下的人遭殃,1.0
没见过被迫害妄想症会发视频的，她不怕别人看视频找她？纯纯的作秀罢了,1.0
关我屁事。自己不把他做优秀,1.0
花自己挣得显摆显摆还行，花家里的就很蠢逼,1.0
小丑准备回魂啦？,1.0
你复杂的五官，掩盖不了你朴素的智商。,1.0
我用不着你喜欢，也轮不到你讨厌,1.0
13，手脚不干净的客人这种真受不了，来点餐然后用手直接碰食材的还一边问我们：“你们这新不新鲜啊”一般都是老登，好想给他们两拳还有用手直接碰油条问：“你们这脆不脆啊”一般摸了又不买，真踏马欠揍,1.0
小仙女其实很怕霸体的，说真的，在低端局，小仙女甚至打不过孙笑川，只不过最近很多小仙女穿三视频带节奏，搞的小仙女特别强，真的，不如神里绫华和界徐盛，门酱等,1.0
你父母身体条件要是还行就赶紧要一个吧,1.0
想什么呢，人家说现在结婚了吗，最后说不定回国便宜某个龟男了，玩玩就跑的难道只有男的吗,1.0
破了你妈呢，自以为很幽默,1.0
这货纯傻狗，在贴吧被骂，在小红书也被骂,1.0
与其看智障露阴癖，我不如去看真正的露阴癖,1.0
捏麻麻滴看见屎不先骂端到吧里让大家吃是吧,1.0
手游里面刚开服还行，但是本质就是氪金抽卡卖角色的游戏你指望它能干什么抽卡游戏趁早死绝得了,1.0
拿妈钓鱼是这样,1.0
偷外卖的都是什么减重,1.0
这种弱智发到糖吧是真恶心,1.0
真特么是个废物,1.0
什么垃圾学校都跟衡水学,1.0
真羡慕你的皮肤，保养得真厚。,1.0
这老逼登就是棍子挨少了,1.0
我宣布，孙吧11级以上的全是傻批,1.0
md，xxn不管在哪里都这个逼养,1.0
直接让她做p友，她自己会走的,1.0
多少沾点嫌烂直接给差评，下次不点不就得了。点了那么多次 ，又给好评又给差评，人家老板都不知道你想干嘛，不知道的还以为是同行搞事情....,1.0
上门了两根肠一个蛋不会打吗fw楼主,1.0
你配生气，你不是她的男奴吗？,1.0
你不如v我二十，我还能买个刚腮给你爽爽,1.0
你的脑子是一点不长啊,1.0
俩极品锁死得了,1.0
本来吧里干的都是好事，发XXN逆天的言论，也是警惕大伙小心这种♀拳表,1.0
骂得好，你顺便连那个男的也一起骂,1.0
这证明这部分xxn从根源上，从世界观价值观人生观上扭曲了，连最基本的道理与黑白是非都无法分辨了，那它们毁灭的那一天只会来得越来越早捏,1.0
给你脸你得要，与你说话是客气。,1.0
有病，不吃狗肉你有种别吃肉啊只吃素自己吃喜欢的肉就可以别人吃喜欢的肉就不行？双标真是够可以的,1.0
其实你贱起来的时候，没人敢跟你比,1.0
你就像盛夏里的番茄，活的很鲜艳，烂的很彻底,1.0
频被剪辑成对女方有利的，我看过完整视频男子进店之前女的就在躲着他，双方明显认识的或者有什么恩怨，所以那次事件大概率就是狗咬狗，而且女的那边也拿啤酒瓶爆男子头，这不妥妥的互殴，但是舆论风向呢，男子恶魔，女的良家妇女,1.0
上帝往人间撒智慧的时候你莫不是打了把伞吧？,1.0
多按几层有个屁用,1.0
谁在帮女性说话你们都看不出来，简直就是纸张。说是钓鱼的一律是帮女性的洗地,1.0
你是没长脑子还是没长眼睛，我说的是这舞也不是什么伟大的事就普通娱乐，让小丑跳就跳了，官方没必要这么大动静,1.0
我们要向前看，不错过些歪瓜劣枣怎么知道什么是好的。,1.0
一是你没弄爽她，她看不起你，第二，你像个沙沟，把她变成炮友不好吗，还负责  笑死我了,1.0
女房东的车很大，我们仨人共计六个大箱愣是塞了进去，此时的我还不知道，这byd东百老娘们儿比这车还能装。,1.0
是很冲，我离老头最近，主任应该担心我，对老头说好好讲话。老头说你少管屁事，真觉得自己多流批哈。,1.0
一眼仙女挑起分化对立，这种不带任何逻辑只为了宣泄情绪是仙女的固定技能,1.0
开庭≠干腻了,1.0
我还在给军训认识的女孩子当舔狗,1.0
让她开最大档一边抠去,1.0
别说当面骂你了，你要是听不清我还能刻你碑上呢,1.0
那你不纯纯小丑吗？,1.0
来来来，您跟我讲一下”辈分”两个字怎么写你要这么说那你老婆也是你爸老婆呀？跟你睡和跟你爸说不都一样吗？,1.0
刻薄嘴欠和幽默是两回事，别把没教养当做有气场,1.0
整坨的屎和拉散的屎有区别吗,1.0
我家狗崽崽性功能强你要不要拿一根胡萝卜塞塞？,1.0
爆操她就行了,1.0
谁破防连发三条长篇大论我不说，毕竟我不像你母的处女膜，三岁就给人捅破了,1.0
确实，就算是无脑爱国那起码也是爱国到时候成汉奸就不好玩了,1.0
v给你，我喝西北风去？,1.0
是韩国的也好死,1.0
来给我当两天性奴病就好了,1.0
抑郁还不赶紧分，那天把你杀了,1.0
给她一巴掌看她还发不发癫,1.0
这话说出来多少沾点云了,1.0
恶搞这几位网友基本持吃瓜状态当个乐子，不过某些余孽不乐意了。,1.0
虽然我歧视这种纹身的人，但是这明显是吃饭的视频，关注点不应该在他上面，要骂也应该是在其他擦边或者以此为炫耀的视频里骂。我只能说第一个发这句话的多半是哗众取宠的小丑，剩下的都是跟风的莎阮。,1.0
你是50万，间谍，罕见,1.0
天下之大，大不过你缺的那块心眼,1.0
只有两种人最具有吸引力，一种是无所不知的人，一种是一无所知的人。,1.0
如果吼能解决问题，驴都可以统治世界。,1.0
好似，开香槟,1.0
看见路上有条狗在吃史你就也得上去吃才不算双标？女的这么干纯脑瘫男的也一样为啥不能骂？龟男的话另算,1.0
狗杂种,1.0
是摸完东西不买还乱地跑玩牙签丢筷子的大只佬xxn,1.0
你搁这写小说呢？,1.0
前一天的晚饭都要吐出来咯,1.0
飞舞，天天网上骂人，现实中遇到了又不敢当面开骂,1.0
黄牌老登天天吧里看龟男，还是有点攻击力的,1.0
没猪吃得多，没狗跑得快，猪狗不如啊,1.0
咋？你就这么悲观？非要找个别人上过的？处男找处女不是常识？,1.0
因为xxn就是个不劳而获的群体 产生共鸣很正常,1.0
哎你这属实有点出生了,1.0
逆天东西，早点重开吧。就这还大学生呢，智商比我家养的猪还低,1.0
173什么残疾人还这么自信，掂量不清楚还来网络找存在，起码往高的报吧，这个b智商趁早埋了得了继续聊看能不能套出照片啥的,1.0
什么唐学博士,1.0
尤物× 油物√,1.0
2鼠鼠还是有点气所以直接骂她看看这b娘们怎么圆,1.0
别的我不知道，我只知道我一个爱跟女生玩的哥们，去重庆大一之后再没跟那边女生玩，他说那里xxn太多了受不了,1.0
有电脑还会玩原神这种腊祭游戏,1.0
骂的真难听，不知道的还以为你出轨了，他肯定不喜欢你，只是想找个玩物,1.0
校园固炮，随叫随到,1.0
捏mmd，打字这么慢的？,1.0
真该死啊还有速更爷爱看,1.0
没关系，你缺少爱，我能理解你的羡慕,1.0
别让我瞧不起你们,1.0
撞击不了一点，这种背后大概率是一个猥琐男,1.0
第一次在孙吧发帖，实在是因为能聊得来的朋友们都出国或者在很远的地方，再不倒下垃圾估计要爆炸了，所以辛苦各位吧友当我的垃圾桶了,1.0
你妈妈的，已经是个合格的二刺猿了。天天看个什么b动漫，听着初音未来的小曲。恋爱番看多了，脑子里也犯了抽，想谈一场恋爱。因为比较宅，然后在一个关于miku歌曲下面的评论和一个人争执了起来。最后我自觉理亏，让步了。对方哈哈大笑要我的QQ，想给我科普更多,1.0
都2023年了还有纹身的不接受被骂,1.0
什么逆天xxn,1.0
别尬黑我也想吃,1.0
那是你能随便看的？小心告你视奸,1.0
别侮辱川军，这byd不配,1.0
跺脚丁真鉴定为都是岔开腿的玩意,1.0
别牛魔妄想了，你当审核吃干饭的有时候字都发不出来，还搁这杞人忧天呢,1.0
太弱智反而不好评价了,1.0
看见路上有条狗再吃屎你就也得上去吃才不算双标？女的这么干纯脑瘫男的也一样为啥不能骂？圭南的话另算,1.0
哥们刚混中国互联网？,1.0
自我感动罢了，笑死了,1.0
给我爆金币，爆完我在磕,1.0
这也要说两句，你肠没地方放看肉肠都酸？,1.0
这啥比真是个纯爆典机器,1.0
似了姆的这男的，鸡巴把下头，上来直接怼着问感情史智商低情商也低，不会聊天建议重开，就这闹颤水平还搁网络上找对象,1.0
有男鬼谈牛魔恋爱啊，纯纯恶心人的,1.0
靠恁娘，恁是真的骚啊小宝贝,1.0
两个都不满12岁？那现儿童版本是不是已经超过xxn版本了？如果用儿童版本对抗xxn版本会怎么样？,1.0
内部xxn男同纯纯强抬水龙把原本芙宁娜的高光剥夺了,1.0
不如让他打你一下保研多香 我这里就是儿科主任把一个在icu的研究生掐住脖子按在墙上 这个研究生就保博了,1.0
这个答案明显就是像说明男女和谐美好的生活，结果有个不动脑子的xxn直接打拳,1.0
健身人士一定很喜欢这个帖子 因为这帖实在是弱智,1.0
所以这些波刚估计是没谈过恋爱，只能在这里酸涩yy,1.0
傻逼们的自娱自乐罢了,1.0
小心你的腰子哦,1.0
长的都那么恶心，谁会把它当初中生,1.0
太对啦，都是逆天,1.0
这女的是不是有点毛病,1.0
太难绷了,1.0
那你提你奶奶的♀大学生呢？还辅助，不就是想迅速找两个异性高手给她解决问题？人家题主自己都没觉得有问题，你们这帮rz开始脑补了,1.0
怎么哪里都有你这个没母的串子,1.0
已经认识了很久了，关系还不错，如果直接A上去会不会变成小丑啊,1.0
byd方向盘下面整个小桌我是真的绷不住了,1.0
小心生化母体,1.0
你哪来的牛牛,1.0
想什么呢，人家说现在结婚了吗，最后说不定回国便宜某个龟♂了，玩玩就跑的难道只有♂的吗,1.0
什么畜生偷人家外卖啊啊啊啊啊啊啊啊啊啊啊啊,1.0
这几个还想高人一等,1.0
确实，年度最恶心人有戏角色之一,1.0
要现在xxn已经开始发小红书打拳了,1.0
可能你老婆没抚琴,1.0
不用心急，先看聊着，骂太早就没乐子看了,1.0
你还是去死吧,1.0
不分还没测过,1.0
她父亲当年带个套多好,1.0
龟奴一个 我看楼主倒挺喜欢这种感觉的 喜欢当奴才,1.0
被我操的,1.0
看我ip线下单杀楼主,1.0
那咋办躺平式对抗？普通女性在女权作妖时默不作声，你这还不让反抗了？,1.0
判的有问题吗，谁说这样合理了，大家看得开心怎么了，建议去宠物医院看看，别和狗爹呆久了脑子退化,1.0
就你那毕样，也配有人害你？,1.0
你有慕的？你不是估尔吗？,1.0
你有母的？你不是估尔吗？,1.0
哈哈 骨子里的沸羊羊基因要发动咯,1.0
我不吃他妈难道吃你妈,1.0
没大奔你就是个勾巴,1.0
你这种人平常没什么朋友吧，情商低下的玩意儿,1.0
后庭已经开了,1.0
，看的我也恼火，桌子反转更离谱，别说什么跟男的吃跟女的吃，你这饿死鬼上身男的也嫌,1.0
就这么卑贱吗,1.0
秒男吧，她怎么这么大火气,1.0
你怎么还认起爹来了,1.0
不懂你这种玩猿神的野种跑孙吧来找什么画面看别人骂你爹你还生气,1.0
牺牲你？你算个级贸,1.0
不打搅哪有人理你,1.0
袁世凯李鸿章都没急，某些人急什么,1.0
xxn真可恶，还好我会催眠,1.0
你吉尔被勾咬了一半是不是,1.0
日本的看着恶心,1.0
1:你就知道饭香屁臭2:你看你脸上皱纹平的，你能活到180岁！3:社会把你当人才培养，社会倒退20年！4:你要是我儿子，我能把你脸扇成盆儿！5:（同学上厕所吃到）这谁啊，一股厕所味6:（课堂上吵）一群尿壶里的苍蝇嗡嗡嗡！有比我精彩的评论区胡麻,1.0
byd把我给气笑了,1.0
无妨，因为有很多男的确实希望女性灭绝，不过现在话说回来，都有人造子宫和人造卵子了，放开生产后还需要什么女性？,1.0
缺爱波刚gun,1.0
赢了，她拍了自慰视频给我看了,1.0
让她自己卖去,1.0
不对呀，我就本能的扇了对面一巴掌，就把我罚下来了，这在我们韩国可是本土特色呀,1.0
别分，别把这种女的放回市场,1.0
相由心生，猪头猪脑,1.0
这都能继续谈，你也不一般,1.0
那你提你奶奶的女大学生呢？还辅助，不就是想迅速找两个异性高手给她解决问题？人家题主自己都没觉得有问题，你们这帮rz开始脑补了,1.0
能咋想，服务员还能鲨了你不成,1.0
性奴罢了,1.0
13，手脚不干净的客人这种真受不了，来点餐然后用手直接碰食材的还一边问我们：“你们这新不新鲜啊”一般都是老登，好想给他们两拳还有用手直接碰油条问：“你们这脆不脆啊”一般摸了又不买，真他妈欠揍,1.0
有男闺还谈个鸡毛啊,1.0
傻狗，我喜欢男的，你叫牛魔呢,1.0
鼠鼠是资深小丑，发两张聊天记录证明一下,1.0
能在床上顶一整天,1.0
那还真够死妈的了,1.0
飞舞，好歹也kiss吧,1.0
老师学校其实也不想，但是当大家都开始卷的风气起来，学校就没办法了。根本停不下来。只能加入。卷起来学生苦3年，大家都卷，我学校自己就不卷，这等于直接害了学生一辈子了。谁也没办法。 我只能说衡水赶紧撕一撕,1.0
都是这些东亚病龟舔出来的,1.0
反正对待极端母狗的极端言论，直接魔法对轰就完事了，要么大家都理性，要么大家都魔怔，惯着发癫母狗？不存在的,1.0
你自己跳吧，别出来当大便了,1.0
穷游不如呆在家看剧 带她出去体验人下人的感觉是吧,1.0
这有什么自私的？一定要让自己受罪是吧,1.0
女性的大脑容量不允许它们发现背后的社会问题，那当然是顺从它们,1.0
孙吧是用来拉屎的，不是让屎给自己镀金的,1.0
蔡徐坤也是一堆这种小学生粉丝,1.0
垃圾怀仁罢了,1.0
这想比想疯了吧,1.0
老东西怎么还怕上了,1.0
那你就是贱货,1.0
偷外卖的都是点活不起的剑冢,1.0
所以前提是女的没有明确拒绝啊，很多女的也有自知之明，知道自己颜值和条件不怎么样，有人要就不错了,1.0
性动上越来越开放，思想却越来越保守，这就是xxn吗,1.0
先给我磕一个,1.0
你长得这么有安全感，不会有危险的,1.0
抄个批怎么那么墨迹,1.0
在这方面性别有啥矛盾，都是得努力干活挣钱养家吧（拿β挣钱的xxn和吃软饭的除外）应该不至于有男的真的因为嫉妒丁真的颜值才黑他吧。。,1.0
奶奶的 你小子油盐不进是吧,1.0
二十天五十斤？除了手术，怎么瘦的，吹牛逼呢,1.0
脑谈,1.0
楼主给你看个小丑,1.0
给她点父爱看还发不发癫,1.0
佩服楼主这么多耐心去哄。直接摁倒把她透舒服了就服服帖帖的,1.0
几十年前的人，你跟他讲素质吗，他连素质怎么写都不知道,1.0
我笑死这人均四六级的年头要多厉害才能被称为精通英语来着，认识abc吗,1.0
犹太人只能说活该,1.0
有没有可能是她转述的时候美化了一下，原话还是屎,1.0
经典让你猜，我猜她嘛还是处女我猜,1.0
我的评价是，这还不跑？你是沸物？我对象昨天刚跟我检讨最近和我说话说的少，并且之前还是她先给我爆了两次金币不过鼠鼠也不是小气鬼，后来爆回去了，比她两次爆的加起来还多。你真窝囊,1.0
嘴巴跟阴道都只会喷，只有让它喷出来才会霜,1.0
你快去马戏团，去那当个小丑,1.0
楼主我给你看个小丑,1.0
马上成为黄牌老登,1.0
果然有水军挑动男女对立，藏的这么深的屎都搬过来恶心吧友,1.0
没关系ying不起来你可以去卖屁眼子我点你,1.0
举个例子，我室友过生日，我提前说好了，我去吃饭，喝了点小酒头晕乎乎的，回去我给她打电话，她会发癫生气不理我，要哄好久才可以原谅我。,1.0
这种女的就应该直接似了，你还心疼个什么鸡巴，我恨不得所有这种女的出门直接撞大运,1.0
我划过别人车，还成功栽赃给别人,1.0
不是哥们 你真是河童啊,1.0
楼主没事 有和你差不多快的小丑 你不是一个人,1.0
手臂上是花B，少部分人纹来好看，大部分纹来装逼，这类人嗝屁了认尸方便些,1.0
op赶紧滚啊,1.0
你树上掉下来的？没父母没朋友没家庭是吧还自己开心最重要，这话说的真是自私自利到让人窒息,1.0
男人送几十的确实下头,1.0
骗他个奶茶钱再骗个鸡照就功德圆满了鼠鼠女同学之前被一个初三的gn骚扰了就推给我，本来想骗个奶茶钱结果这小子连微信都没有，最后只收获了鸡照,1.0
怕你在里面头毒捏,1.0
有意见鳖着，不然妞妞给你说烂,1.0
支持，xxn不需要爸爸,1.0
我的评价是，这还不跑？你是废物？我对象昨天刚跟我检讨最近和我说话说的少，并且之前还是她先给我爆了两次金币不过鼠鼠也不是小气鬼，后来爆回去了，比她两次爆的加起来还多。你真窝囊,1.0
你跌在说戒不了炉管的废物 没想到废物自己就对号入座了,1.0
你猜为什么母狗理解不了，因为母狗就是靠劈吃饭的,1.0
你跌在说戒不了撸管的飞舞 没想到飞舞自己就对号入座了,1.0
@uzi 糖狗听到没有,1.0
你一幅怂样，真让我恶心。。自己爸妈爱护自己，她破防干嘛？？她破防了喊你滚你就滚？？任由别人定义你是妈宝、爸宝，污名化宝贝这个词？？？,1.0
突然就这么痛快离了？怕不是有请下一位受害者？,1.0
上个ww凰网还有一堆O毒，难崩,1.0
厕所人是这样的，习惯就好,1.0
妈的，酒吧认识的，不会直接问价how much吗,1.0
这种建议所有人联合起来给他一顿好打，再把他所有东西卷铺盖里一股脑扔寝室门外面贱人就是要打，不打不行,1.0
分了t我，这些xxn都是被你们这些龟男惯出来 别祸害同胞啊,1.0
被胶管狠狠的拷打,1.0
未成年保护法确实逆天。前阵子投毒和击剑的都没事。,1.0
龟男推屁股去吧,1.0
老东西，一边玩原神去,1.0
花你钱了？,1.0
老东西没人回真可怜。,1.0
阳颜丁真，鉴定为：逼痒的畜生,1.0
，但没事儿就挂孙吧的楼主没叽叽捏,1.0
不设墙上设哪里,1.0
有意见憋着，不然妞妞给你说烂,1.0
那你提你奶奶的女大学生呢？还辅助，不就是想迅速找两个异性高手给她解决问题？人家题主自己都没觉得有问题，你们这帮弱智开始脑补了,1.0
有妈生没妈教,1.0
这不纯绿茶嘛，依赖性自尊,1.0
你做的是对的家有家规，连妈都敢骂，我倒是不明白你爸为什么没有揍过她。反正都成年人了，不怕闹掰，真狠下心让她死外边也算了。,1.0
杀光沸羊羊,1.0
上来就隐私照，这逼痒的玩闪电战是吧,1.0
怕不是自己没有生育能力，见人要孩子眼红,1.0
在她变成科莫多龙之前我不会说一句话,1.0
小东西们知道该怎么做吗,1.0
智商高的谁去纹花臂啊,1.0
这么想被坦克碾？想法还挺不错的,1.0
这吊名字我以为穿越了,1.0
翻个白眼  屁股抬高    舌头伸出来,1.0
建议后车不减速直接撞上去,1.0
你他母今天别想上桌了棍倒阳台去吃,1.0
就他这情商智商身高条件  这辈子打飞机️的命,1.0
是我是我就憋着，再炒几个月再分,1.0
给他妈一拳看他还敢不敢发颠,1.0
＂你几岁＂我当时就来兴致了，之前经常看有人会去找卖裙子的女生要操p，我很好奇，就顺着他的话聊下去了,1.0
符合对小红书用户的刻板印象,1.0
byd还敢生二胎,1.0
因为真小丑不需要用领域大神做伪装,1.0
我们xxn是这样的,1.0
别人送你杯奶茶你就觉得别人要跟你恋爱，这种难道不是普信女？,1.0
不禁要问一句，你是亲生的吗,1.0
这人没活整了，娶了一个东施一样的大妈,1.0
畜生不畜生不重要，相处舒服就行，老畜生女也有不少性格有问题的,1.0
你这个报备跟那个孬摊一样,1.0
妈的怎么这都有jk红温圣经,1.0
她是cs，你也有点废物,1.0
你把性别换了，沸羊羊改成魅男啥的词，发小红书微博试试，看会被骂多少楼,1.0
放手游里算是很好了，拿去跟主机pc比？搞笑,1.0
乌克兰从2014年就开始图图乌东地区的俄语人口，结果现在惹出了祸事后发现打不过开始拉壮丁了，中国当年图过我国领土上的日语人口了？也就你这初生会把我国抗日民众和乌克兰那帮法西斯相提并论了，我是你爹当年就该把你射马桶里,1.0
本鼠鼠当时不好骂他，现在想想就感觉像吃了苍蝇一样恶心，现实中遇到这种人也真是晦气,1.0
爆笑了,1.0
给我逗乐了,1.0
打胶给她吃,1.0
加完别人好友就表演自己多自卑,1.0
给她一巴掌看她发电不发电,1.0
这个哥哥是纯出生啊，多好的一个妹妹啊,1.0
纯纯的dinner,1.0
楼下细说高强度对线魔怔女友,1.0
哥们，要不要去爱狗人士吧玩玩？那里挺适合你的,1.0
准备线下真实你,1.0
照片搞出来威胁她给你当性奴的,1.0
装睡的人怎么会被叫醒呢，除非把他打疼了,1.0
偷外卖的都该死,1.0
谢谢老东西先走了，再见奥小鬼,1.0
真的自私，有几个臭钱不知道自己是谁了,1.0
注定的改变不了 :他能活着就证明他不是你这种挠谭能理解的，说不出一点黑料还让人别双标，难道你这种废物被攻击到了，所以他就是双标？你是什么品种的见初？,1.0
这种逼货究竟是怎样的家教啊,1.0
你爹喊你有啥问题。,1.0
被小仙女占领了，那不正常吗，就像隔壁反原神吧一样。,1.0
臭鞋糯米鸡还在lpl，他是不是以为自己拿了个解说杯就以为自己很厉害吧,1.0
思想巨人，行动废人,1.0
直接开始沸羊羊常用嘘寒问暖，这波很真实了吧,1.0
你干脆给你老婆当挣钱的牛马算了，记得骗完你父母财产，上供给你老婆后，和父母断绝关系哟。,1.0
这个男的就是个沸羊羊有什么可吹的,1.0
充分说明物种多样性，你说啥都会有人抬杠,1.0
同应该全部去死，还是图少了,1.0
有母式做的就是快,1.0
你塔姆今天别想上桌了棍倒阳台去吃,1.0
给自己来上一比斗,1.0
鼠鼠当场就一半小丑一半生气了，小丑当初快递寄到她家了，生气这小13不如实上报地址让我去找她,1.0
没关系ying不起来你可以去卖批燕子我点你,1.0
知道什么后果，和同学玩说一声不就行了，你平时是有多龟？,1.0
这人属实初升,1.0
只能说很符合我对op的刻板印象,1.0
讲真的，你这by是真的坏啊居然干过这么多坏事,1.0
你就是想被骚扰,1.0
烧鸡角色不是优点么,1.0
你是不是不行?打半天都打不出来,1.0
臭垃圾 讨人厌 惹人嫌，前期还有人替李慕玄说话,1.0
你自己都说了点素菜了，看40块钱人家把刀架你脖子上让你付款了？你这不纯纯脑子有问题吗？,1.0
这种dinner行为还以为自己很可爱发到网上，哪来的脸,1.0
那我真是笑了，你和小仙女有什么区别，看见几个学校就说教育落后，怕是个连大学都没考上的混子鼠哦,1.0
？初中就来当鼠鼠？叉出去,1.0
早八算个屁，我连续上过三天通宵班,1.0
找鼠鼠要初一同学的微信，当然，这个脑瘫不出所料的记错了人家的名字,1.0
关我屁事，活该,1.0
去她妈的,1.0
这是出门找死的？,1.0
有意见憋着，不然妞妞给你嗦烂,1.0
没事，下辈子你去做世子,1.0
鼠鼠被学历薄纱了,1.0
现在社会真的开放了呀，傻逼都开始立贞洁牌坊了,1.0
楼主疑似没念完初中，说话像是语言功能不全,1.0
什么神偷老登，哈哈哈哈,1.0
真fw不会爆中专仔的金币吗,1.0
她搁这训舔狗呢？,1.0
晚上夜店来去自由，白天小区危机四伏,1.0
出事就好死,1.0
哥们在这么恶臭的孙吧发吗 建议换个好点的吧,1.0
你才是下头南。我要日笔就去嫖,1.0
这下是真唐了捏,1.0
圆不回来了，越说越小丑,1.0
吧主是孙狗还是丁真,1.0
楼主群里人，一眼丁真，假的,1.0
就是喜欢攻击女性身材和容貌，仇恨女性，贬低女性，怎么了，犯法吗？违反道德吗？,1.0
找到然后强奸,1.0
这b特效越看越唐，不知道还以为是谁家脑瘫跑出来了,1.0
这个b开学了，得晚上才能爆他金币,1.0
这傻逼真是个纯爆典机器,1.0
我也喜欢芋圆的白虎小穴,1.0
错误的，长城一塌网上梗小鬼就会更多，没脑子被带节奏的老米白军就来咯,1.0
文化人都是傻逼，把事情闹大就行了。那些人最擅长的就是欺君子以方,1.0
这么害怕，怎么么不滚到喜马拉雅山顶住去,1.0
Lz揍人的时候把你忘了看来,1.0
tmd啥都不吃，饿似算了,1.0
?你想颠覆什么 你发这些什么意思,1.0
新的逆天,1.0
赶紧死xxn经典生物爹,1.0
标准个锤子啊，我们重庆这边也算矮的了，正常都有170+吧，平均身高是算了老年人的。我85年的180.5，同学里面排第3，矮的有，但是165以下的一个班也就1个,1.0
人家客人，非亲非故，活着的时候有那义务天天去看她？自己是谁？人走了，有时候人情世故，可能因为后辈儿孙的面子，去看一下。骂别人，这不是真性情，这是没脑子。他是楼主的外公可不是所有人的外公,1.0
性别一换照样挨喷。虾剥好了用卫生纸装起来放到口袋里给别人吃，不说卫不卫生不觉得恶心吗,1.0
不洗脚刷牙洗脸就上床是什么贵物,1.0
不同情只嘲笑,1.0
我让你检查一下你爹你母有没有搞外遇，你生气是不是因为“忠言逆耳”？答主根本不是忠言何来忠言逆耳？,1.0
直接跪下给女朋友道歉，求求她到时候玩起来加你一个,1.0
北凉王徐凤年，对舔狗知道有独特的见解，其言语一举戳破小丑们自欺欺人的内心,1.0
怎么这么像狂魔狗,1.0
谈恋爱do还不如去p 至少p不用一年到晚送礼物 哄人,1.0
不懂你这种玩猿神的爷中跑孙吧来找什么画面看别人骂你爹你还生气,1.0
想多了，婚姻法都不管你老婆和别人做，给别人生孩子,1.0
老东西，孙哥肯定会保佑你不去打复活赛的,1.0
低能，自己谈过四个，别人之前有对象又怎么样,1.0
2，莫名其妙动机不明的客人我也不知道是我家店的问题还是什么的问题，总有脑残客人喜欢点完餐之后堵在门口，牛魔的你又不是打包的为什么不能去座位上等啊，堵在门口我盘子又端不出去我泼你脸上是吧,1.0
学历封顶是初中，不能再多了,1.0
嘴和屁股长反了,1.0
这种货色生来就是当妓女的 注定要吃这碗饭改不了的,1.0
楼主，这不分手，她哔哩有大麻？,1.0
楼主，这不分手，她哔里有大麻？,1.0
初中喜欢混混，高中喜欢体育生，大学喜欢老师，军训喜欢教官，打工爱上领导，理发爱上托尼，看病爱上医生，离婚爱上律师，别到时候真逼痒痒了跑出来被人抓到当做公用斐济备,1.0
你别这样复制粘贴了，好没意思，每次看到你都浑身难受,1.0
先籹到处都有,1.0
最大的败笔不是吸引圈外人而不整个新的垃圾桶？,1.0
不要把自己想的这么好 还纯爱战神 你21岁拿什么贷款50万 就算贷到了 拿什么还 不还是靠父母 龟男嘶一嘶,1.0
初中喜欢混混，高中喜欢体育生，大学喜欢老师，军训喜欢教官，打工爱上领导，理发爱上托尼，看病爱上医生，离婚爱上律师，别到时候真璧洋洋了跑出来被人抓到当做公用斐济备,1.0
呃，既然受不了他那脾气，还留下来干嘛,1.0
不要把自己想的这么好 还纯爱战神 你21岁拿什么贷款50万 就算贷到了 拿什么还 不还是靠父母 👻男嘶一嘶,1.0
管我吊事,1.0
你能不能别大清早就恶心人,1.0
跟阎王抢人很累的好吧下次多给人家几块肉,1.0
都给你牛魔完了是吧,1.0
你真以为你比钱更会泡妞?,1.0
放屁。赡养义务不包括做饭请客。遇到这种老逼登，直接断绝关系，赡养费每个月按照法院判的给点儿钱当施舍给叫花子。这不比现在轻松多了？,1.0
你看一下他跟别人聊天就知道了，这女的骗钱的，那男的也是个老色批，所以两个都是晚餐。,1.0
孙处经典意淫自己能占领全网,1.0
别想不开，真想重开前来给我糙一下劈,1.0
你要不要看下你发的什么？,1.0
你就不会找到他现任女友拆散他，叫他没的透。然后你叫你女友给他打语音，你狠狠透你女友,1.0
婚前不试一下，万一婚后性无能怎么办,1.0
俩个畜生，鉴定完毕,1.0
byd还挺自觉,1.0
大粪搬运工是吧,1.0
乌克兰从2014年就开始图图乌东地区的俄语人口，结果现在惹出了祸事后发现打不过开始拉壮丁了，中国当年图过我国领土上的日语人口了？也就你这畜生会把我国抗日民众和乌克兰那帮法西斯相提并论了，我是你爹当年就该把你射马桶里,1.0
老婆求你了，我长的又丑又猥琐，从小就是同学亲戚的笑柄，每天只能吃别人嚼剩下的东西吃，没有一个人愿意和我交朋友，街上的狗看到我都要摇头，求求你让我恰个v吧老婆我真的好爱你,1.0
两人建议合葬，以安人心。为去二祸患。,1.0
楼主放弃那当人的幻想吧  老老实实的当狗就完了,1.0
打完不就有人了?这都不懂,1.0
你个小登发三遍是吧,1.0
看来都学会反串了，什么时候师夷长技以制夷啊,1.0
她们追捧的就是不劳而获，当然不会理解我们,1.0
你这就是典型的公狗发情,1.0
你这种重开吧,1.0
错误的，以前大部分提起他都在疑惑他是谁，现在都知道他是个小丑了,1.0
觉得自己理亏的时候找人垫背，明显现在这态度就是觉得是楼主强奸她了,1.0
楼主，你就是xxn的一条狗捏,1.0
你受的了你儿子小学跟你讲他心理性别是女性，要剁屌?,1.0
直接让她做炮友，她自己会走的,1.0
网络上烂人太多了，还得回归现实。感情到位了不想结婚只想着do的，说明只有一方感情到位的，另一方纯性瘾犯了。,1.0
你哪来这么大的火气是不是快似了回光返照？,1.0
你爹在说戒不了撸管的飞舞 没想到飞舞自己就对号入座了,1.0
往喜欢的人的杯子里吐口水，让他间接接吻我,1.0
这个世界是很现实的，如果不是高富帅，妹妹为什么会花时间在你身上，唯一能解释的只有想爆你金币。hdx，赚钱本来就难，留着自己花不香马。不想回家就不要回，我几年没回家了，问就是上班，各种借口拖,1.0
你哪来这么大的火气是不是快死了回光返照？,1.0
你跌在说戒不了撸管的废物 没想到废物自己就对号入座了,1.0
还明天？下辈子吧,1.0
老东西说话就是刀刀入肉,1.0
想多了，自己都是个**炮王嫌弃人家是不是几手。当然你自己是什么找什么无话可说，但是这社会谁知道你经历过什么呢，在外面读几年大学工作生活谁知道你的过去呢。全凭良心，但这个社会最没有最不需要的就是良心,1.0
对啊，说就是你喜欢的妹妹，没有一个看得上你没人愿意给你透，所以导致了心理扭曲。一般没有妹妹看得上，没办法透就会导致两种流派，一种就是这帖子说的处女情结魔怔人，另一种就是瓢虫。,1.0
初中喜欢混混，高中喜欢体育生，大学喜欢老师，军训喜欢教官，打工爱上领导，理发爱上托尼，看病爱上医生，离婚爱上律师，别到时候真逼痒痒了跑出来被人抓到当做公用飞机杯,1.0
楼主，这不分手，她逼里有大麻？,1.0
确实恶心，但是也算是这男的太笨，表达问题，两个人还是很相爱的，至于这个评论，纯脑瘫,1.0
他女朋友β里有大麻,1.0
女的无非批瘾犯了呗，你喜欢就拿下，不喜欢就别跟她说话不就得了,1.0
看一眼得了，还要再看一眼，纯纯活该,1.0
你在对8u们说什么，不怕被缠上而导致剩余的旅途不得安宁，你就站出来给xxn两巴掌，看她还发不发颠,1.0
不是，她都这样了你还谈个鸡毛，倾家荡产还想着留学，没钱还真敢想。,1.0
上门了两根肠一个蛋不会打吗fvv楼主,1.0
有说让老人一个人在家吗，怎么，你照看就能确定一点问题不出,1.0
我要是有这样的爹等他老了天天揍他,1.0
这种人脑子被洗了，又不犯法找就找呗，还要立个牌坊。,1.0
若知是这样的,1.0
不分留着过年？,1.0
别想不开，真想重开前来给我操一下批,1.0
哪有你活着丑恶,1.0
别想不开，真想重开前来给我操一下劈,1.0
你在对8u们说什么，不怕被缠上而导致剩余的旅途不得安宁，你就站出来给xxn两巴掌，看她还发不发电,1.0
你爹在说戒不了炉管的飞舞 没想到飞舞自己就对号入座了,1.0
女的无非P瘾犯了呗，你喜欢就拿下，不喜欢就别跟她说话不就得了,1.0
你跌在说戒不了炉管的飞舞 没想到飞舞自己就对号入座了,1.0
找炮友就找炮友 非要说谈念爱,1.0
初中喜欢混混，高中喜欢体育生，大学喜欢老师，军训喜欢教官，打工爱上领导，理发爱上托尼，看病爱上医生，离婚爱上律师，别到时候真璧洋洋了跑出来被人抓到当做公用飞机杯,1.0
你爹在说戒不了炉管的废物 没想到废物自己就对号入座了,1.0
这下真是全国各地可飞了,1.0
说现在的人容易早熟 所见的咋都这么鸡巴幼稚呢,1.0
对哦，把这群弱智给忘了,1.0
你猜为什么母狗理解不了，因为母狗就是靠批吃饭的,1.0
这确实脑子不行，谁tm刚接触一直打电话的,1.0
不行给她磕两个吧 这样就不生气了,1.0
还真可能，踏马的，我以前有个同学专干这种鸟事，钓龟男爆金币,1.0
你都来孙吧了还指望正常人,1.0
我也来一个你拿了那么多钱，不就是等着被人偷的吗？要想不被偷你就别拿钱出来,1.0
不是你一个atm问这么多干嘛,1.0
恭喜恭喜，你女朋友又准备找一个男朋友了，除了你没变（一直被骗），其他男友可都被换了一茬又一茬,1.0
他女朋友B里有大麻,1.0
不插数据线你诱惑雷公给我手机充电？,1.0
你这种玩原神的不配说话,1.0
有些人是单纯的纯爱，把第一次看得很重，有些人只是单纯没人要,1.0
你爹在说戒不了撸管的废物 没想到废物自己就对号入座了,1.0
你小子，mxz经典言论是吧,1.0
他是没父母还是家庭关系不好啊,1.0
一但来到我们徐州就会忍无可忍的随时**，我还以为女生已经习惯了，然后，为什么徐州的图书馆没有**房？,1.0
你配生气，你不是她的男努吗？,1.0
都是整容的，当然差不多,1.0
不到173的矬臂也想装高冷,1.0
世界一滩臭水，就是你的旁观无所作为所致。,1.0
虽然不想理会此辆坦克，但是其在鼠鼠嗦粉过程中持续的骚扰让鼠鼠十分不爽,1.0
她在槽里吃的香这呢，别管她,1.0
那我只能祝愿你未来的老婆被别人馁蛇过了,1.0
弱智是这样的,1.0
你这出生有点恶心,1.0
反正你是挺逆天的，同贴吧转一个字都不带改,1.0
还不是舔狗太多了,1.0
鼠鼠生活在下水道里，看到一对真爱暗暗揣测女的肯定lkd男的肯定龟男，甘愿堕落在泥坑里还觉得所有人都应该在泥坑里,1.0
别想不开，真想重开前来给我糙一下批,1.0
楼主，这不分手，她逼哩有大麻？,1.0
更这么慢 不骂你骂谁,1.0
仙女到处都有,1.0
接到消息，推迟开庭，原告律师正在搜集黄牌的所有犯罪证据。黄牌们，准备好接受xxn的审判吧,1.0
这种女的就应该直接似了，你还心疼个什么鸡脖，我恨不得所有这种女的出门直接撞大运,1.0
8u是你叠啊，一巴掌扇过去看看你还发不发电,1.0
怎么哪里都有你这个没木的串子,1.0
有什么问题，难道你想让楼主一辈子连批都没有体验过？,1.0
你鸡儿被勾咬了一半是不是,1.0
不要把自己想的这么好 还纯爱战神 你21岁拿什么贷款50万 就算贷到了 拿什么还 不还是靠父母 龟男死一死,1.0
反正我是绷不住了，这也能打拳？唐完了,1.0
玩原神玩的,1.0
女的不就这样？,1.0
牺牲了个鸡毛，看了都想吐，这就是版本t0？,1.0
有意见鳖着，不然牛牛给你说烂,1.0
不懂你这种玩猿神的野种跑孙吧来找什么画面看别人骂你叠你还生气,1.0
好逆天啊，真的假的啊，这女的没事找事吧,1.0
oh 老师要去了吗 我要谢进去了噗呲噗呲   嗷～,1.0
丑恶哥，老登上网找同类,1.0
带回家摸莱莱，假期拿她父母的套透的,1.0
你是纯的贱种,1.0
牺牲你？你算个鸡毛,1.0
笑了就撅你老婆,1.0
深受网络毒害，楼主也不要自诩清高,1.0
龟男还活着干嘛,1.0
那我不得yy成为您这样的成功人士捏，这种看着人就要大声叫两声体现地位的大人物捏,1.0
1500的亲属卡太厉害了，这样就能弄走一个女孩子的心，玛德，回去要老东西爆点金币，做个增高手术,1.0
搞笑,1.0
有男闺还谈个集贸啊,1.0
你去吃屎是不是也要报备一下？,1.0
什么鹅盅现状,1.0
你特么微信叫大侠啦啦，贴吧也叫一样的，是不是有毛病,1.0
小丑？丑皇！,1.0
京✌🏻果然够牛,1.0
我求求你现在就躲山里面别让我们找到,1.0
上桌吃饭导致的,1.0
这是男的，你要知道男人情绪比女人稳定的多,1.0
没事，我看不上女的，更看不上你们这群通讯录,1.0
整个班都没有考上大学的。。传说中的放牛班吧,1.0
可能现在xxn确实是恶心🤢，但是这不代表找个男朋友会省事到哪里去。我现在上了大学谈回了女朋友，高中的事权当是一段不好的回忆。,1.0
想给楼主屁眼松松土是吧,1.0
跟你观点不一致就是汉奸了是吧？那你是什么？黄色俄罗斯吗？,1.0
一群无病呻吟的脑瘫,1.0
一边又说没有高端低端，典中典xxn发炎,1.0
你回复楼主时也很丑恶,1.0
鸡有什么区别，无非是时间长短花钱多少罢了。,1.0
我也是，你要不要来点喷水,1.0
有病？反对虐猫的就是xxn？猫把你妈强奸了，这么恨猫？,1.0
有男贵还谈个集贸啊,1.0
恕我直言，你这女朋友不会是福利姬吧？,1.0
那还用赌啊，正常人谁纹身啊,1.0
这个b长相和品行一样,1.0
老东西，想日笔就去嫖啊，还相亲。狗都不相。为了日个笔，你看把你娃苦得，找罪受。你这样的鼠鼠才不同情捏，相亲没有感情的，就是纯粹的日笔加生育机器,1.0
于是鼠鼠吃完以后，站起来，朝着虎式坦克浅鞠一躬，说：“对不起，这辆女士”,1.0
窝囊组上大分,1.0
闹麻了，连玩什么游戏都不知道不纯纯萌新？很合理的担心上来就喷是踩到你尾巴了？,1.0
婚前一定要试试的，不然到时候婚礼办了，彩礼给了发现这方面有问题就完蛋喽,1.0
有男贵还谈个鸡毛啊,1.0
老登只想抱孙子，并不会考虑你的感受和孙子的未来,1.0
我真想一拳捣死你我是来看你是怎么和人家散伙的，不是看第二个司马迁诞生的,1.0
成年了吗？成年了私聊我,1.0
牧垢pua你呢,1.0
为什么都说老登，因为有些人越老他性格越怪。特别是对自己的亲人苛责阴阳怪气，对外人反而亲热的很，我总结为“农村老登的局限性”。,1.0
那祝你家女性个个都是张津瑜咯,1.0
快进到反手告你性骚扰爆你金币,1.0
屌毛，一看就知道不是从农村来的，你知道从农村来的孩子长大是什么样子吗？农村女孩见过吗？他们小时候父母是没人爱的，我们这个地方算是比较偏远的村庄，如果是女生的话，那就比较悲惨，嫁人，生孩子，做家务就这样。很少有出人头地的，而且嫁的往往都是那些精神小伙。,1.0
贴吧怎么没人 都死了?,1.0
感觉牛魔的脑子有点奇葩，审核不是吃干饭的,1.0
gkd，我要看原p,1.0
你去吃饭，来个大花臂给你递出的你不恶心？反正我恶心,1.0
让他蹭好死不死要从厕所搬市过去自己吃还不满意  满脑子大便,1.0
性病就性病，还解释,1.0
吊死在她家门前,1.0
不行啊，太正能量了，我眼要瞎了,1.0
一句捏也就能把成分看出来了，很符合我对粪坑饭友的想象。,1.0
对不起，这辆女士,1.0
这哪来的自信在这****呢,1.0
这么低端的骗术 真当傻子不够用了是吧,1.0
那你就是建或,1.0
知道他卖软件为什么只私聊吧？因为这软件TM是免费的，它只是想多骗几个萌新小白18块钱罢了还拿皇图做晃子，恶心，恶心呐,1.0
这人从21年开始就各种爆典天天被团建还嘴硬，不只是因为原,1.0
小姐姐，小心你爸妈把你卖了,1.0
纯移动ATM,1.0
找死大王,1.0
什么小丑,1.0
您莫不是跟那个二姐是一路人吧不行就挂个号去,1.0
不说话的时候像头猪，说话的时候像头猪说话了,1.0
起来也是个没考上大学的笑话。,1.0
我想狠狠地注入她,1.0
看爽了，魔怔女气急败坏唱独角戏的样子,1.0
鉴定为龟,1.0
老东西 gkd,1.0
厨子也是一坨屎,1.0
不愧是花科爷，真是文采斐然,1.0
Beyond真给我们邓氏丢脸！,1.0
你都玩孙吧了，原谅她吧,1.0
离婚了你也必须给她披麻戴孝,1.0
哈哈哈哈哈好骂,1.0
上来就隐私照，这逼养的玩闪电战是吧,1.0
傻，他有什么社会贡献！？,1.0
没妈教的杂种标题五个字哈人，老东西们顶住，我先润了,1.0
缺爱dinner 下一个,1.0
哥也是甘肃的，班里另一个甘肃的女生也逆天，不是TM甘肃是不是水有问题啊,1.0
楼下说你撸管炸膛了,1.0
按电梯那个真是缺德,1.0
这种废物玩意，要点脸就赶紧找地方似了,1.0
要钱你还这样？什么废物,1.0
因为整个世界观没一个好东西，去了就是折磨。,1.0
但xxn个个都认为自己长得倾国倾城，300斤的也说只是微胖，说五官长得非常端正，有点小美，出门天天怀疑虾头男跟踪她,1.0
没脑子喷，我操，你见过40块钱没荤的？,1.0
流量女星至少还是正八经演了电视剧电影的，不说演技有多水，至少是个工作。肖战之流也是，至少人家真干了工作，丁真真的是啥也没干，别告诉我配合摆拍几个没有技术含量的视频算工作。,1.0
老东西不爆金币活着还有什么用,1.0
老东西，想日逼就去嫖啊，还相亲。狗都不相。为了日个逼，你看把你娃苦得，找罪受。你这样的鼠鼠才不同情捏，相亲没有感情的，就是纯粹的日逼加生育机器,1.0
乐死我了,1.0
不是，没吃饭吗更这么慢,1.0
这也合影?xxn说着不靠男人独立自主，结果继把男人发明的破防梗变成口头禅之后连合影也要偷去了，莫非xxn个个都是傻逼,1.0
每一个男生都有潜在的暴力倾向发过去,1.0
社交这一块，比较因人而异了，我就不喜欢一块儿打游戏，感觉白天和人打交道够累的了，一个人玩游戏的时候就爱玩点单机的，但是原神属于本来能不搞的，结果非要去搞，一坨石罢了,1.0
经吧友提醒，我也想起来我家也遇到过那种玩牙签的小屁孩，真他妈畜生啊，把三罐牙签全倒到了地上，闹麻了,1.0
尝试攻她下盘,1.0
主要现在抖Y其他刷的同居情侣非常多，小孩子看多了认为天经地义的，时间久了观念就这样了，现在谈恋爱大部分这种，不代表全部。反正男的大部分是为了欲，结不结婚管他鸟事。说他人家认为你不懂爱,1.0
这种症状你发贴吧有啥用你npy知道你是人嘛？你自己把自己当人嘛？,1.0
鉴定为极品龟男,1.0
楼主，我找到个小丑，打开前置摄像头就能看到啦,1.0
大概比较自卑吧,1.0
打游戏还真有拼学历的？我谁也骂不过，平常三人车队，只玩大乱斗，一般进去就屏蔽队友，然后开始和朋友边聊天边打游戏。要是我拿学历怼路人，不被路人当成小丑爆杀，我就谢天谢地了。,1.0
抖音小仙女试图让人破防骂它,1.0
外卖贼都给我死,1.0
你的脑子绝对要去医院看下，那么烂还要点四次，点个差评还害怕，TM性价比是高和低，第一次听说性价比贵而不是性价比低,1.0
母狗pua你呢,1.0
确实恶心，但是也算是这男的太笨，表达问题，两个人还是很相爱的，至于这个评论，纯挠瘫,1.0
不要把自己想的这么好 还纯爱战神 你21岁拿什么贷款50万 就算贷到了 拿什么还 不还是靠父母 👻男死一死,1.0
一眼假，铁路制服不长这b样,1.0
我发孙吧小丑看不得的图片，你们评价,1.0
怎么不挑一个好听的称号 人间清醒不行是吧 非得整个这么弱智的称号,1.0
也就老登能这么闲得但疼吧,1.0
b饼是香的,1.0
怕你在里面投毒捏,1.0
两个都不满12岁？那现儿童版本是不是已经超过xxn版本了？如果用儿童版本对抗xxn版本会怎么样？,1.0
我们都还没想到过这个世界上有女同这种该 死的人的,1.0
BYD审核算我引流,1.0
萨必东西，自作多情,1.0
这哪儿沸羊羊了？结婚后怀恨在心，打了这么多次一看就是父母逼着不得不结婚的这也沸羊羊？会一个梗就乱用是吧？,1.0
扣扣得了,1.0
看见路上有条狗在吃屎你就也得上去吃才不算双标？女的这么干春闹谭男的也一样为啥不能骂？龟男的话另算,1.0
多的不说，你是弱智,1.0
跟风玩抽象烂梗,1.0
nnd 你小子油盐不进是吧,1.0
看见路上有条狗再吃史你就也得上去吃才不算双标？女的这么干纯脑瘫男的也一样为啥不能骂？圭南的话另算,1.0
能不能给你那破博弈字体换一换啊,1.0
快进一下小丑,1.0
p瘾犯了给点阳光就灿烂了,1.0
爆个金币先,1.0
关我屁事,1.0
太反智了,1.0
有理就是牛批,1.0
后来的剧情真有点儿弱智了之前感觉还行,1.0
自家的店不会关路由器废物,1.0
飞机大上天，给你带来了什么启示？,1.0
断个die，像昆山龙哥肠子断了酒都不会断,1.0
管不住那个逼嘴.迈不开那个肥腿,1.0
？电子厂都不要你 还说我完犊子了 你也不看你自己什么鹑样,1.0
纯畜生白眼狼，她死了就没事了,1.0
你那是嫁给他吗？你那是图他彩礼,1.0
她们是山里灵活的狗,1.0
先爆币,1.0
美颜都丑成这样？,1.0
joker不看时间直接上台表演其实前文说的很清楚了,1.0
感觉你活这么大脑子有点不好使,1.0
你是个鸡巴非得接你电话？你没你妈的话说了，妈的上来就你b话最多，给你点回复真给你妈的那p脸装上了，都说小头控制大头，我现在怀疑你妈的大头是下面那个,1.0
让狼、野猪日逼，也不让**日逼是吧,1.0
阳阳姐，我想透你,1.0
很喜欢她的奈，很Q弹,1.0
一副“在吗”起手天下我有的态度，殊不知自己才是那个终极小丑，梦始终会醒，人生总有个头，谢谢你小丑，在这短暂的人生里，逗大家开心,1.0
玩袁婶导致的,1.0
4，飞盘高手2的升级版，堵在门口后死活不让我端过去，一定要自己端，然后啪的一下没接稳摔了，你他妈真有毛病啊？,1.0
老东西，快更！,1.0
跟风罢了每次都有群贵物觉得自己是主角，可能在别人的世界里连配角都不是,1.0
长得像丁真,1.0
yy出来的,1.0
理智救不了国男,1.0
就应该狠狠的灌注！隔着屏幕我都感到愤怒！你要各种玩具一样上，最后拔套灌注！,1.0
人家玩梗你真信了？有拿50w孝敬父母不比当龟强,1.0
丑👈          👆          😂,1.0
8U们客观评价一下，如果没有那些低能玩家，原神是否称得上是佳作,1.0
因为这女的觉得你没有把精力时间和金钱放到它身上，它觉得你就应该无限跪舔它,1.0
批瘾犯了属于是，搁这玩尬的,1.0
批饮犯了，着急了,1.0
老东西很幽默,1.0
别给我拽洋文,1.0
都是衣服而已，保暖就行了，这个还拿来攀比，我只能说太幼稚。,1.0
狠狠入她,1.0
他应该已经被吧务塞口球了,1.0
被他前女友恶心到了#逆天#,1.0
没刷到过，脑瘫都是刷一个不感兴趣一个,1.0
早就脱了她们的衣服，仑涧她们,1.0
被脑瘫吓晕,1.0
ai作画比她像真人多了,1.0
多亏了那些ylg，从逗阴小红书带群真弱智过来,1.0
给小仙女搞出应激反应来了,1.0
没腐木是这样的,1.0
女神背地是母狗,1.0
傲娇属性的喜欢楼主的有对象跟别的睡的好女孩,1.0
啊米诺斯，就当是为了你爸妈好吗？对她们一家使用军体拳吧,1.0
xxn自己就是不劳而获坐享其成的人，所以她们不会明白寒窗苦读十年被一个文盲薄纱的痛，也不会明白这个世界的魔幻,1.0
蔡徐坤也是一堆这种xxs粉丝,1.0
冷知识，你们当成亲爹一样各种连洗带护塑造成一个受害者委屈人设的幻风是真投毒威胁过身边人，精子哥的小作文一直放不出来被嘲讽薛定谔的小作文，而你大安爹一句几十万私信你们这群液盅东西又全信了,1.0
你确实没有审美。下巴的美颜像个鞋拔子一样,1.0
你算什么东西？,1.0
问问他爹帅不帅,1.0
高个锤子，网络还是傻子多，随便来个营销号就被忽悠的找不到北,1.0
它哪有这个胆子，铁废物,1.0
逆天,1.0
吐槽男方河童的多半也不是什么美女了,1.0
不分还没操过,1.0
你这也是陕西话说得好打出来的媳妇揉出来的面，有些女人确实欠揍！你打几顿就好了,1.0
有吧友在看吗，感觉自己在这自言自语像个深井冰,1.0
起性欲了,1.0
**，上个互联网给你牛逼坏了,1.0
所以我说这个男的笨嘛,1.0
这不是女生，这TM是kgb,1.0
接nm语音，干他,1.0
我奶奶打字都比你快,1.0
没刷到过，nt都是刷一个不感兴趣一个,1.0
別噁心人了屌毛,1.0
挂我是吧，马上带着一个师的虎式攻打你,1.0
那你就一辈子活在过去，赶紧下地狱吧，别活在现代了，哭了你呢,1.0
你个畜生，小狗狗这么可爱，你居然这么做,1.0
没用的东西，找你你不会喊8u一起,1.0
你脑子没问题吧？,1.0
这种ex的东西不少，我们初中的时候我怀疑有个男的性取向不正常，他和另一个男的走的时候老喜欢摸他屁股，真的一股恶寒，甚至我们班主任都知道了,1.0
操了就分，让她男闺蜜接盘,1.0
天天发你爹？,1.0
这是之前约她出来吃饭，然后鼠鼠就约她到小公园表白，结果就成小丑小丑了，后面还说一顿安慰的话，说鼠鼠很好之类的，但是现在感觉以朋友相处更舒服,1.0
孙吧没有牛头人，牛头人滚出孙吧孙吧只有小丑,1.0
顺从它呗，毕竟它只有生物爹呢,1.0
啥意思，你纹身给自己+buff了？纹身了你就不是臭打工的？难绷,1.0
給她一锅铲反而要給她賠償就不值了,1.0
他不就绝杀了，老东西攻击性真不行,1.0
芙蓉王大战瑞克五之我现在肺痒痒,1.0
太君您吉祥，给您磕一个,1.0
老仙女小仙女双修啊,1.0
厕所do，发出怪叫， 8u们怎么说有攻击力嘞尸体镇楼,1.0
看见路上有条狗再吃史你就也得上去吃才不算双标？女的这么干纯脑瘫男的也一样为啥不能骂？龟男的话另算,1.0
byd发我这层楼什么意思,1.0
老东西爆金币,1.0
看见路上有条狗在吃史你就也得上去吃才不算双标？女的这么干纯脑瘫男的也一样为啥不能骂？圭南的话另算,1.0
然后单身到50一个追求者都没有,1.0
像糖妞≠会做题,1.0
不愧是花科✌，真是文采斐然,1.0
小红书上无论男女怎么都这么逆天,1.0
太有实力啦xxn,1.0
又憨又恶心。,1.0
自己又有多大能耐呢不也是个吸血鬼,1.0
议少看点航吧，实在是有点逆天,1.0
学dinner的dinner，比dinner还dinner,1.0
现在有点想死,1.0
凭云锤和小鬼多,1.0
吃shi吧你,1.0
给大家讲讲我小丑的故事吧。该怎么办，哎,1.0
贴吧的弱智不是真弱智，看真弱智更好玩(确信),1.0
经典让你猜，我猜她嘛还是处钕我猜,1.0
假如不吃饭死不了 你让一个人几年不吃饭 刚见到饭的时候就算是屎他也会吃的,1.0
这饭都给人吃傻了，差评,1.0
看气了，真踏马孬种,1.0
byd文案都抄的前几年考研用过的,1.0
外放的都是傻狗,1.0
她羡慕你有跌了,1.0
这老壁灯就是棍子挨少了,1.0
byd就认得苹果手机是吧,1.0
你真是个脑残,1.0
典型具体情况不具体分析，跟xxn一个脑回路,1.0
纯畜生白眼狼，她似了就没事了,1.0
难绷，这能告赢啊？,1.0
我是我爸的宝贝儿，你不是哟。还有钱干了是吧，你觉得恶心，那我晚上当你爹,1.0
你跟他说你是真武大帝，一拳打死他个老必等,1.0
公共洗衣机洗内裤袜子不恶心?咋的你就是那种内裤袜子都懒得洗的傻狗吗,1.0
支持把已经生出来的寄生虫杀了,1.0
什么脑瘫字体,1.0
楼主也是个小仙男,1.0
一眼小丑，开更请踢我,1.0
吧三观正正的只是一部分人罢了，每个地方都会有正常人，也都会有萨碧,1.0
经典让你猜，我猜她妈还是处女我猜,1.0
上嘴脸了是吧,1.0
有时候媒婆挺逆天的，村里一个女的小学被初中的qj了，后来闹大了怎么样我不清楚，女的最后读了211毕业回家那边工作，男的初中读完就不读了当兵去了，回来以后听说媒婆一直介绍这俩人，就是qj犯和受害者听完恶心坏了,1.0
操个皮怎么那么墨迹,1.0
嘛的怎么这都有jk红温圣经,1.0
什么时候我出现返祖现象就和你处,1.0
大堆里还有沙耶之歌呢这人不纯在报菜名，报就报了什么都不玩只会显得他低能,1.0
老东西又搁这水,1.0
就是吹逼多而已，没有外挂穿越到哪里都不舒服，有外挂穿越到哪里都是后花园,1.0
这些募勾拍自己就化妆滤镜美颜拉满，拍别人就很随便，真踏马,1.0
能对这种事上心，是有多脑瘫,1.0
楼主一眼丁真，鉴定为龟男,1.0
把欧洲人按在地上摩擦,1.0
不是舔狗吃完才轮到耙耳朵,1.0
老东西被给我装正常人,1.0
注定的改变不了 :他能活着就证明他不是你这种脑瘫能理解的，说不出一点黑料还让人别双标，难道你这种废物被攻击到了，所以他就是双标？你是什么品种的贱畜？,1.0
你才是下头南。我要日逼就去嫖,1.0
嘴就是不能闲着，天天路过都是看到几个xxn在那里流口水,1.0
编的不够严谨，前面还是三姐妹，后面就变成儿子了。,1.0
这个dinner你也学是吧你比dinner还dinner,1.0
你确实又小气又自卑。。真挺恶心的,1.0
分nm酬宾，这么好的女孩不自己留着？,1.0
怕你偷偷爆金币,1.0
识了蛮多人，有成绩很好拿着国家奖学金来读硕的，有读到硕士连移液枪都不会用的废物,1.0
火老师出杆的速度爆杀你在床上的速度,1.0
错啦，是毕业回来再翻脸不认人，中途还要靠他爆金币生活,1.0
我当时的心情想过去是直接一把把那个挫男给刀了,1.0
采取点意见 怎么样才能快速操到13或者说怎样才能操到13,1.0
三个女的都被教育成xxn了，没有理性只看利益,1.0
操个批怎么那么墨迹,1.0
似了姆的这男的，真即把下头，上来直接怼着问感情史智商低情商也低，不会聊天建议重开，就这闹颤水平还搁网络上找对象,1.0
你为什么还在理她呢她不会理性思考这是对人的礼貌与尊重，她只会和好姐妹在背后****吊着她，等她通过各种手段让你心再次偏向她后，你就知道什么是地狱了,1.0
这叫制止家庭暴力 懂么？大半夜踹门 这是想干啥？菜 就多练 打不过 就别主动挑事懂么？,1.0
可以的，楼主还是有脑子谈恋爱的，在孙吧太多小丑了,1.0
无聊，我要看到马卡洛夫血流成河,1.0
dinner,1.0
这样的，以前恶心xxn，现在恶心我们,1.0
经吧友提醒，我也想起来我家也遇到过那种玩牙签的小屁孩，真踏马出生啊，把三罐牙签全倒到了地上，闹麻了,1.0
应该都是大肥猪吧,1.0
缺爱波刚滚,1.0
一边又说没有高端低端，典中典xxn发言,1.0
有点尬黑了，不是教大家当小丑的教学局吗,1.0
这不是帮男的避雷是对的嘛？估计心里早就看不惯了,1.0
死了母的这男的，鸡巴把下头，上来直接怼着问感情史智商低情商也低，不会聊天建议重开，就这脑瘫水平还搁网络上找对象,1.0
这种恶心的东西不少，我们初中的时候我怀疑有个男的性取向不正常，他和另一个男的走的时候老喜欢摸他屁股，真的一股恶寒，甚至我们班主任都知道了,1.0
有墙都一堆被远程驯化的了，没墙还得了，可能你会说我意志坚定，能明辨是非，但是那些小屁孩和xxn巨婴可不这么想，真没了早晚落得老大哥的下场,1.0
能不能把这个脑瘫封了，哪个吧都能看到这个弱智,1.0
怎么不挑一个好听的称号 人间清醒不行是吧 非得整个这么rz的称号,1.0
不懂你这种玩猿神的爷中跑孙吧来找什么画面看别人骂你叠你还生气,1.0
你奶奶滴，非要等人多才开始是吧,1.0
你也配生气？你不就是这个女的奴才吗？你有自主人格吗?你是准备光复帝制是吧，自己先当太监熟悉熟悉？,1.0
废物，好歹也kiss吧,1.0
自己去似就行了，别带上无辜的人就行,1.0
她留学不是她家里人出钱？你出啥钱？脑子坏啦。,1.0
哦令堂个头哦哦哦 再哦就给你两耳光看你还哦不哦,1.0
你这个报备跟那个脑瘫一样,1.0
带回家摸奶奶，假期拿她父母的套透的,1.0
哪有射？我看你是批瘾犯了,1.0
知道为什么心口不一吗这鸟人没智商没情商没颜值的东西谁看得上你啊,1.0
差评理由我不是说了吗，我点了一个四十，几块钱的荤菜。他全是素，就当我减肥去吃的。因为我自己在家不会做素菜。所以我就当素菜吃的，懂吗？,1.0
学了点词不用难受？ 这跟龟难有半毛钱关系吗？,1.0
那我只能祝愿你未来的老婆被别人内射过了,1.0
不许站，跪着磕到死,1.0
注定的改变不了 :他能活着就证明他不是你这种脑瘫能理解的，说不出一点黑料还让人别双标，难道你这种飞舞被攻击到了，所以他就是双标？你是什么品种的见初？,1.0
你们的女神就是这样舔别人的,1.0
老东西爆金币,1.0
评价傻逼干嘛,1.0
这狗屎图怎么还没被禁？,1.0
不叫爸爸叫供精那你为何不称你的母亲供卵者？是因为没有吗,1.0
我中上都玩 神分战士和传统法师都会 法师都加强了几个版本了只有你这种菜逼天天在这哭弱,1.0
受不了了，早就听说孙吧恶臭，本来都做好心理准备了的，结果昨天下载了百度贴吧一看真是给我恶心到了，孙吧里面的老鼠人比集美的13还臭,1.0
兄弟。我虽然这一段感情有点小丑，但我某种意义上算是老手，我就说一点，别给女的花钱，给自己花钱。,1.0
两个弱智,1.0
真？v我50w，不要让我30岁的时候难受捏,1.0
本来吧里干的都是好事，发XXN逆天的言论，也是警惕大伙小心这种女拳婊,1.0
逼水特别香甜,1.0
人家如果不胖，那吃一根烤肠怎么了？又不会影响什么，而且烤肠确实好吃啊，正常行为不要给人家扣xxn帽子,1.0
不是一家人 不进一家门，这两个傻逼凑一对刚刚好,1.0
吃屎吧你,1.0
好圆好大还抖,1.0
xxn又开始发作文自我感动了,1.0
直击烂裤裆的xxn的心灵一句见血,1.0
孙吧这种粪坑的经验不要也罢，等级越高人越敌能,1.0
楼主，鸡鸡没了,1.0
有时候媒婆挺逆天的，村里一个女的小学被初中的强奸了，后来闹大了怎么样我不清楚，女的最后读了211毕业回家那边工作，男的初中读完就不读了当兵去了，回来以后听说媒婆一直介绍这俩人，就是强奸犯和受害者听完恶心坏了,1.0
有个新闻是结婚十几年仨孩都不是自己的，相比下来楼主还应该有个亲生孩子。楼主还是倒霉啊，都怪这群xxm 老xn,1.0
这破事还有流量呢,1.0
感觉对你来说玩原神都算提高智商了,1.0
不吃他妈难道吃你妈,1.0
确实，感觉跟xn不相上下的逆天,1.0
你是纯的剑冢,1.0
看看 xxn 的知识水平,1.0
偷外卖的必死,1.0
这个真逆天到家了，男的一边给它弹吉他一边还要被它敲，地下还有一帮闹滩xxn拍手叫好,1.0
真见识到了成事不足败事有余,1.0
fvv滚出克,1.0
属实有点脑残都不认识就打上电话了,1.0
你鸡儿被狗咬了一半是不是,1.0
内部xxn南桐纯纯强抬水龙把原本芙宁娜的高光剥夺了,1.0
女神背地是沐苟,1.0
12，农药糕手几个小学生，牛魔的来我家蹭网又不点餐，几个人大呼小叫的打农药，还喝我家的水，真想给他们下农药,1.0
印度通过互联网接受外界信息30多年，什么负面消息没听过，不照样求神拜佛，牛粪摸身，开放了能改变什么？,1.0
似了母的这男的，鸡巴把下头，上来直接怼着问感情史智商低情商也低，不会聊天建议重开，就这闹颤水平还搁网络上找对象,1.0
这评论也确实智障,1.0
pxj滚,1.0
这种不是纯rz？,1.0
很好，大力推广让各地龟男来带她们走。,1.0
XXN离婚想分家产就要跪下来做事情,1.0
看你像个精神病，说话说不清楚,1.0
没父母是这样的,1.0
合带他进的世界赛十六强越南俘虏 到处清算别人 我也不知道尿罐子这德行是不是随主子,1.0
这种男的怎么可能会动真情到处钓鱼的nt像八辈子没见过女的一样,1.0
抑郁还不赶紧分，那天把你啥了,1.0
老东西是这样的,1.0
上来就隐私照，这b养的玩闪电战是吧,1.0
哎你这属实有点畜生了,1.0
xxn是这样的捏,1.0
你不也是逆天,1.0
因为我们从内心就一直认为女人就可以不劳而获,1.0
宝尼马呢，看的我都想吐了，什么低贱人格啊？,1.0
tmd啥都不吃，饿死算了,1.0
8u是你叠啊，一巴掌扇过去看看你还发不发颠,1.0
快进到被彩礼吓退,1.0
看到别人以不同方式创作就认为是黑，它们也就这点脑子了,1.0
吧主是我儿,1.0
平常拿金箔擦嘴是吧。。,1.0
看到这B昵称就绷不住了,1.0
逆天朋友圈,1.0
后来每次看到这个老登我都给他搞一堆泡沫,1.0
躺着数钱，当然只会讲bi话啦,1.0
活的和狗一样还不如去战场上送个头,1.0
当世界上女的的不生或者没几个女的了将会被圈养起来当生育机器,1.0
8u们认为这种行为是对是错，因为这个我痛骂她一顿。,1.0
这才是高中牲该有的样子,1.0
楼主分明都对这女的没意思了还要和她纠缠这么久，果然还是锁死最好,1.0
不是，老哥你看了多少啊？,1.0
用伤害男性来博取眼球的逆天东西#唐妞#,1.0
抑郁还不赶紧分，哪天把你杀了,1.0
xxn精神大胜利,1.0
其他地区的人顶住 让京爷先润我马上入党了别告我我投降力呜呜呜,1.0
楼里这几个人我全部草飞,1.0
我决定今天晚上去吃狗肉，你记住是因为看了你的帖子我才决定吃狗肉，这条狗因你而死还死的香喷喷的。,1.0
分的好，拜金还谈什么，你问她是不是喜欢玩小红书,1.0
败笔？神来之笔，移动端还是晚于pc端开服的，就移动端开服时那使一样的优化，只有最贵那一档的手机能有稍好一点的体验，次一点的手机画面一坨根本带不动，要是没有pc和ps端，直接被喷炸，玩的人肯定也少很多,1.0
20年的时候死多少人不知道是吧,1.0
如果是我，当时我百分之百会站出来指责那个女的。,1.0
是玩牙签乱跑的小xxn,1.0
抽象,1.0
至于大家在那唠会嗑都得捧着一本书吗？有点太假了，你要说你自己空闲休息时间弹钢琴看书还可以夸一夸，这踏马真的装，属实越缺什么越想证明什么,1.0
怎么没有雌小鬼,1.0
？电子厂都不要你 还说我完犊子了 你也不看你自己什么蠢样,1.0
漏屎佬啊，没事了。快快重开,1.0
最主要是话语权问题，有太多傻鸟吃外国人那套了，以为外国人嘴里的就是真。,1.0
从情侣变成父女。和XXS谈了两年。知道真相的时候我删了她，离谱的是她爸给我打电话说她想不开，让我先加回来做朋友，然后慢慢断了联系，现在老子天天教她做作业,1.0
有条评论骂得好，他就是个蠢货,1.0
有时间发nt视频，没时间来红魔馆复诊是吧 每日高强度上网冲浪搬屎，喜欢的点点关注😇此外，左上角和右下角的图片是用来遮水印的，贴吧不遮水印视频过不了审,1.0
你他母今天别想上桌了滚倒阳台去吃,1.0
一群绑个打火机都能当凝固汽油弹玩意，咋就那么爱带入自己,1.0
看见路上有条狗再吃屎你就也得上去吃才不算双标？女的这么干春闹谭男的也一样为啥不能骂？龟男的话另算,1.0
还哭，TMD，男朋友直接丢死人了,1.0
下跪了，求求你把v给我吧，我见第一眼就爱上了你，你是我人生中的灯塔，照射我前行的道路，一天看不见你我就感觉窒息，整天昏天黑地的生活着，你就是我的明天，没有你我的世界是不会开花的,1.0
哪里都有你这个④麻串子,1.0
但他甚至可能比其他地方加起来多，但男同再多占比也没多少，而有1／2的女性是xxn,1.0
给你老母引流呢？,1.0
楼主是dinner，我说的,1.0
王侯将相祖上还都是奋斗过的，他微微一笑就站在了这个高度，都这么幸福了，骂两句怎么了，我骂他是他掉块肉了还是我挣钱了，怎么还轮到她们评价,1.0
你这不是找到了吗，真的有脑子查资料的人墙根本拦不住你,1.0
来看精虫上脑的脑瘫,1.0
一是你没弄爽她，她看不起你，第二，你像个傻狗，把她变成泡友不好吗，还负责  笑死我了,1.0
他应该就此暴毙，但是并没有,1.0
你妈妈的，已经是个合格的二次元了。天天看个什么b动漫，听着初音未来的小曲。恋爱番看多了，脑子里也犯了抽，想谈一场恋爱。因为比较宅，然后在一个关于miku歌曲下面的评论和一个人争执了起来。最后我自觉理亏，让步了。对方哈哈大笑要我的QQ，想给我科普更多,1.0
卧槽，羡慕你的才华，我看到他属地云南只想到让他饭肚,1.0
得一个长时间的炮友了，多少有点ntr情节的,1.0
从小没碟的cs说话是这样的,1.0
有一说一，正常人也不会碰啊，会碰的这种老登我都怀疑他们看不懂字,1.0
天天发你蝶？,1.0
人家怎么你了,1.0
注定的改变不了 :他能活着就证明他不是你这种脑瘫能理解的，说不出一点黑料还让人别双标，难道你这种飞舞被攻击到了，所以他就是双标？你是什么品种的贱畜？,1.0
这种女的就应该直接死了，你还心疼个什么鸡脖，我恨不得所有这种女的出门直接撞大运,1.0
滚出克 立马滚出克,1.0
成是被狐朋狗友给忽悠了，然后觉得狐朋狗友比你们专业医生更懂，毕竟朋友怎么会骗老登自己呢,1.0
脑瘫实在太多了 哈哈,1.0
不就是一堆冲脸刺客直接把法师射手逼冲烂吗 法师射手玩家脑子是不太好使的,1.0
快进到在p站看到，真出国留学大多数女生都很容易在上面找到的,1.0
互联网已经够臭了，让外面的屎进来就好比你往马桶上倒旱厕的屎，冲不下去还臭的一批,1.0
现在至于为什么不分手，主要还是妹妹现实还是挺听话的，就是线上动不动发癫，楼主准备再吃一次小肉片就溜,1.0
分之前一定要狠狠的攻击她,1.0
会被安排和这样的人相亲，也不看看自己什么逼样，不想想自己配不配,1.0
四川龟男名不虚传,1.0
屎中屎  不知道这游戏是在玩什么 每天看着电子烧鸡意淫就是原的最大乐趣了,1.0
孤儿，有父母在天之灵保佑说话就是硬气,1.0
百度就是绝症而不是癌症了,1.0
有母式做题就是快,1.0
真把自己当公主了？,1.0
你是个击捌非得接你电话？你没你mia话说了，mia上来就你b话最多，给你点回复真给你mia那p脸装上了，都说小头控制大头，我现在怀疑你mia大头是下面那个,1.0
乖乖，太饥渴了，才四分钟,1.0
你懂个鸡毛，你要真懂，你都不带犹豫的， 8u这么劝你，你还这死样，只能说人各有命,1.0
为什么厕所要装监控，怕偷屎吗,1.0
你玩孙吧不是臭**？,1.0
逆天！！！,1.0
別噁心人了 掉毛,1.0
就你这样上过小学认识字吗,1.0
删帖奥看明天大伙怎么骂你,1.0
注定的改变不了 :他能活着就证明他不是你这种挠谭能理解的，说不出一点黑料还让人别双标，难道你这种废物被攻击到了，所以他就是双标？你是什么品种的贱畜？,1.0
小东西爆金币,1.0
你怎么说话这么装？五星天皇？,1.0
就他这情商智商身高条件  这辈子达飞机️的命,1.0
看到屎不应该搬过来恶心8u们，而应绕开,1.0
一是你没弄爽她，她看不起你，第二，你像个沙沟，把她变成泡友不好吗，还负责  笑死我了,1.0
不太相信你能硬起来,1.0
你又知道是不是了？几岁啊,1.0
院子怎么不发nt视频了？,1.0
乙解在孙吧破防的第五次，xxn能不能消失,1.0
编20w，这智商不像985本硕的,1.0
注定的改变不了 :他能活着就证明他不是你这种挠谭能理解的，说不出一点黑料还让人别双标，难道你这种飞舞被攻击到了，所以他就是双标？你是什么品种的见初？,1.0
有电脑还会玩原神这种垃圾游戏,1.0
与其看zz露阴癖，我不如去看真正的露阴癖,1.0
成事不足败事有余，这种蠢人,1.0
让我日一下,1.0
自家的店不会关路由器飞5,1.0
终于有人比我飞舞了,1.0
终于有人比我废物了,1.0
8u们有没有喜欢他的。看完感觉三观碎一地,1.0
挨个屁，底下不都得一个个的女性共情能力强吗,1.0
可能那里都不知道被内个多少次，所以急着找一个接盘侠，到时候一结婚就跟那个接盘侠说我有艾滋，剧情我都无法想象了。在社会真的开放了呀，傻逼都开始立贞洁牌坊了,1.0
网络**孝子贤孙们急了，它们的幻想精神支柱被娱乐了（乐）,1.0
无法评价，正如我当初所说的，我正在干坏事你们一群人在旁边明知道我在干坏事，只用嘴巴骂我指责我有卵用？难道你们骂我指责我就不干了？没一个人敢上来对我动手只会让我笑你们是懦夫更加肆无忌惮的狠狠排,1.0
很难不歧视,1.0
呸，什么态度，还不如卖茶的,1.0
8u是你爹啊，一巴掌扇过去看看你还发不发颠,1.0
哥们建议你现在速速去转发原神抽奖，这样子大家就会以为你是因为玩原神才变成这样而不是天生就这么弱智,1.0
没大奔你就是个勾罢,1.0
当时的德国如果没有他，连狗都不如。,1.0
这种建议扫地出门,1.0
发抖音、丑陋、爱抱怨、无能、小仙女,1.0
下面放聊天记录#仙男#,1.0
被绿了直接让她滚不就好了，哪那么多事，没钱就不谈,1.0
老东西我直接抓过来做星怒让你天天爆金币,1.0
我中上都玩 神分战士和传统法师都会 法师都加强了几个版本了只有你这种彩笔天天在这哭弱,1.0
哪有设？我看你是批瘾犯了,1.0
急你马呢你不会也是这种知道不好吃又贵却又去吃的人吧,1.0
有第一次就有以后的无数次，那时候就不应该原谅这老比登,1.0
先给我磕吧,1.0
他上个帖子讲了这个姐的逆天女泉，不过帖子没了,1.0
还多bb啥，不上去抡他？,1.0
纯鸡巴废物都到这时候了不自省还踏马想着把锅往别人身上甩，赶紧找个工作吧钱还了重开,1.0
小屁孩事还挺多,1.0
也就老登能这么闲得蛋疼吧,1.0
你妈真好看又干嘛挡脸呢,1.0
女170可以了，按照xxn换算法就是男190,1.0
就是这种四两拨千斤的感觉，一边泰然自若，一边嘤嘤狂吠，就跟往她嘴里塞湿抹布一样，让她失态，让她呕吐,1.0
是它太缺爱了,1.0
采取点意见 怎么样才能快速糙到13或者说怎样才能糙到13,1.0
2，莫名其妙动机不明的客人我也不知道是我家店的问题还是什么的问题，总有脑蝉客人喜欢点完餐之后堵在门口，牛魔的你又不是打包的为什么不能去座位上等啊，堵在门口我盘子又端不出去我泼你脸上是吧,1.0
捏麻麻的吓老子一跳问我有没有男朋友，这才意识到因为哥们qq资料填的女的，估计是哪个男的骚痒难耐了想找对象，找我头上来了,1.0
不是，这女的还他妈真敢要啊,1.0
跳过键？学长们可是能说出“希望出剧情跳过的你的人生最好也跳过”主线剧情就是低能，还不让人跳过，剧情策划都不是同一批的，有些世界任务确实不错，比如沙漠书的婕德，其余就是狗屎了,1.0
这是有点恶心了🤢,1.0
为什么我是妈宝男？因为我有妈妈,1.0
给钱就睡，老哥不怕吗,1.0
整容之前可以，现在这个嘴唇看着想吐,1.0
那你提你nn的♀大学生呢？还辅助，不就是想迅速找两个异性高手给她解决问题？人家题主自己都没觉得有问题，你们这帮rz开始脑补了,1.0
准备分了，不当龟男,1.0
她们可是要争孩子冠性权呢，嫁给外国人却连自己姓都不要，奴颜媚骨,1.0
听我的别当舔狗好吗,1.0
想和前女友复合，没想到刚开始就被薄纱了,1.0
赶紧A上去，给吧友表演一下小丑,1.0
Soul对味了，大型舔狗市场,1.0
你带个很强的外挂去哪个世界都是乱杀，但是只是一般小挂或者没有挂把你扔进满是大蟑螂的粪坑里你觉得你会怎么样,1.0
滚吧，别给我们安徽人丢脸,1.0
马桶之间亦有差距,1.0
就像听懂的给掌声那逼一样,1.0
某抖刷到了这个，入了xxn窝了,1.0
快快快，最喜欢这种能装的东北人了,1.0
直接把结果发出来得了，不是谁都像小丑一样有时间的，,1.0
真的，你适合去种植园里当黑奴,1.0
之前外国有个富二代几十年就花光了20亿美金。如果堵狗的话更快，多少钱都不够。,1.0
你是个鸡巴非得接你电话？你没你mia话说了，mia上来就你b话最多，给你点回复真给你mia那p脸装上了，都说小头控制大头，我现在怀疑你mia大头是下面那个,1.0
打快点 火烧你屁股,1.0
谁在帮女性说话你们都看不出来，简直就是智障。说是钓鱼的一律是帮女性的洗地,1.0
她是畜生，你也有点fv,1.0
如果出国要卖掉什么才能凑够钱，不如不出。这么出国，纯不孝，尤其是女生多，虚荣！,1.0
要我说，成年了我爱骂谁骂谁，和我又没有球样的关系,1.0
没死呢？没死就赶紧更,1.0
我支持她的想法，家里有女儿的国男都该有此下场，活该，完全不值得同情，生物爹这个专属称谓是他们这群废物应得的，当初生出女儿就该扔掉。,1.0
你问她是不是没爹,1.0
我今天刷到她了，里面xxn太多，没敢举旗冲锋,1.0
这么离谱，你还接个屁,1.0
当然，这个脑瘫以前就经常和一些小姑娘开h玩笑，下头的嘞,1.0
你的三观是正的 一个美国烂大街的便宜货有什么好显摆,1.0
发张图片看看长什么样？有那么漂亮吗？让你一次被骗又被骗。舔狗,1.0
要是以后你对象不天天八抬大轿供着你出门 碗筷都是日本人洗过七遍的 家门口都有个英国伦敦口音的管家看门 我都看不起你 大啥缺,1.0
昨天鼠鼠在校园漫步，发现一个特高冷的小妈类型美女，然后突发奇想，想试试如果纯当沸羊羊需要多久能和一个高冷女神在一起，刚好最近搞副业比较富裕，有经费去给大伙做实验,1.0
大傻春你要干什么！,1.0
就是学校拿学生当初升看，只要有升学率，学生就是毕业后都猝死了也无所谓,1.0
天dy刷xxn 导致我现在22一点谈恋爱的意向没有,1.0
不行丁真那张脸确实好看又不娘，摆在这不会让人恶心鉴定多了会自动绑定喜感，然后看到脸就想笑 她这个看了春犯恶心,1.0
拳️师祖宗都在玩萝莉和卖小孩，看着小红书搞笑，也算为数不多犹太人干的好事,1.0
你急什么祝你天天吃卫生纸大虾,1.0
三年前，孙吧不就已经充满引流小鬼了吗,1.0
老东西先爆个金币再说,1.0
大奋搬运工是吧,1.0
"Rt, 楼主最近训练的GB舔狗约克郡女孩儿，豪放的咧",1.0
老东西还想让人来,1.0
这就算瘦下来，也好不到哪里去吧,1.0
啊对，还有，他还是个职中的小混混，竟大胆祸害我校妹妹,1.0
她是不是死了,1.0
尴尬啥，解决一个xxn，这不是华人之光？,1.0
飞机打上天，给你带来了什么启示？,1.0
这xxn真ex,1.0
到你这没蚌住,1.0
老东西还在喷水,1.0
这你妈都跨次元了,1.0
对当代xxn一击见血的抨击，讲抽象的xxn行为形象化通俗易懂，深得8u们的喜爱,1.0
长得那个哔样，还幻想有尹志平,1.0
不是小丑给我死一死,1.0
鉴于现在绿牌蓝牌泛滥，蛐蛐十级也敢自称老东西，礼崩乐坏，所以你们路过先给我磕一个,1.0
问问多少钱一晚,1.0
贴吧的rz不是真rz，看真rz更好玩(确信),1.0
xxn顶斤五花肉还差不多,1.0
逆天,1.0
越来越小丑了，而且感动中国人物？这种东西咋好意思说出口的,1.0
xxn交给鼠鼠,1.0
可以帮助我们遥遥领先[吃瓜],1.0
有意见憋着，不然牛牛给你说烂,1.0
快进到笑梗不笑人 快进到网友比得上这些人吗有资格评价他们吗,1.0
还发这种无聊的玩意，纯ylg,1.0
看着她努力的解释和低能的表情包我笑了,1.0
没教养的野孩子,1.0
早上四点的时候，鼠鼠依旧保持着良好的作息习惯，这个半年多没联系的脑瘫突然就找上门,1.0
又开始在这造人设了，这是否有点太装了？都让你尬完了！,1.0
学校厕所抽烟的都是没母的玩意,1.0
厨子也是依托四,1.0
这什么 傻狗啊,1.0
经过这位老哥一番实力睁眼瞎，精神胜利等的小丑行为。楼主终于在次日下午拿到了微信号。,1.0
4，飞盘高手2的升级版，堵在门口后死活不让我端过去，一定要自己端，然后啪的一下没接稳摔了，你他妈真有猫饼啊？,1.0
你这说的才是现实，现在贴吧太低龄了，看了一圈发现还都挺纯真的,1.0
快进到留学回来觉得你配不上上她 被分手,1.0
哪里都有你这个④妈串子,1.0
博爱是吧那么这个贴我只能说好死,1.0
小圈子里玩玩就好了，非要上大街上恶心人，还是个日本虚拟歌姬，国仇家恨全让你给忘光了是吧,1.0
本来吧里干的都是好事，发XXN逆天的言论，也是警惕大伙小心这种♀拳婊,1.0
一开始吧，这byd对我那姐们儿还挺好的，又带着她吃带着她买带着她办卡，几乎一切都帮她打点好了。在我这个旁观者的视角看来，如若我这姐们儿不是她流落在外的女儿，想必是不会对她这么好的。,1.0
如果世界上只有这一个女人，我们只要把她击毙了就没有xxn啦,1.0
把她月出来，看能不能日，日了再说,1.0
飞天上智障,1.0
罪魁祸首不是他兄弟吗，女性也是被压迫的,1.0
鼠鼠没有男朋友，逗这dinner玩呢,1.0
西男看到同乡的xxn都感觉到恶心,1.0
话都说不利索是吧,1.0
我觉得他没有怀疑楼主，他表明来意加好友打视频都是一气呵成的，大概率本来就是想找个雌性动物来发泄一下，而且在刚认识楼主就开始吐露心事（有些女的表里不一）有戒备就不会在网上乱找人聊天还要发视频。多半是牢二要痒痒了，估计是个初中到高中的学生，激素比较多,1.0
这种在我看来就是弱智,1.0
楼主攻她下路,1.0
跟女朋友聊天有什么可发的？你有暴露癖吗,1.0
晋城人早上吃剩饭,1.0
体谅一下，不是每个人都有蝶,1.0
别侮辱625,1.0
你撸管炸膛了,1.0
我个人感觉挺幼稚的，感觉给小孩看正好，不过我小时候都是看成龙历险记这些，看不上这种低能剧情,1.0
废物,1.0
墙挡的是没能力辩驳的人，就像锁挡的是无自制力的常人一样。 真弱智也没法。,1.0
有个屁用，又没没收财产，他都是什么老东西了，开除党籍有鸟用,1.0
你是个击捌非得接你电话？你没你妈的话说了，妈的上来就你b话最多，给你点回复真给你妈的那p脸装上了，都说小头控制大头，我现在怀疑你妈的大头是下面那个,1.0
人不对，但是这闺蜜绿茶的厉害，这种事不帮瞒着就算了还主动兜出来,1.0
我都没敢看给你发集贸,1.0
xxn认为长得帅就是贡献了捏 长的帅的就应该不劳而获,1.0
靠恁娘，恁是真的烧啊小宝贝,1.0
小东西爆牛奶,1.0
超超超，管他那么多，超就完事了，爽了再说，谁都别想跑，看见谁就超,1.0
怎么不把你气似呢，是不是欠收拾了,1.0
他才是真的憨,1.0
你真的是条舔狗,1.0
这些母狗拍自己就化妆滤镜美颜拉满，拍别人就很随便，真踏马,1.0
《求求你了》，我在想那些舔她的男性看到她这一面是什么想法,1.0
gkd 让她乀(ˉεˉ乀)滚,1.0
哎，心好乱。一方面我真的好爱她，我也能感觉出来她对我依恋的那种亲情，另一方面我发现她出国后，可能因为寂寞和追求新鲜感的原因，真的变成拉拉了，变得有点变态。怎么办。。。。。。谁能给我点建议。。。。哎,1.0
等死了直接结冥婚，这样就能省钱了,1.0
只发对方的照片而不发自己的照片，既可以贬低对方凸显自己，又不用付出任何代价，零成本维护自己可怜的优越感……,1.0
有技术的，顺便问下洋妹妹味道大吗,1.0
他很好的赞美了，这种放大街上还是最丑的几个，看着一副土农民相,1.0
长的帅就是有优势啊，实话罢了。以前古代做官都要帅哥呢，长的丑你才华再高也没用，面试就刷掉,1.0
我都怀疑你是不是真当过鸭,1.0
处理结果呢？屎都搬不明白？,1.0
自私无知又嘴硬,1.0
🙅不行，评论太下头了，我得制止一下,1.0
想透,1.0
你也挺可怜的，你不说我还以为你家现在就你一个人了,1.0
你跟那个偷钱的㜅㜅是一路货色,1.0
感觉有点假，两个傻逼凑一块的概率都很小了，5个傻逼凑一块基本不可能,1.0
要我这就已经分了，哪还有那么多b事,1.0
小仙女的蠢真是刻在骨子里了,1.0
工作，每个月自己连房租+生活费自己只留3000，剩下的不管多少都给我妈保管，攒下钱以后结婚用，xxn直接逆天发言，问我钱给我妈干啥,1.0
那你提你nn的女大学生呢？还辅助，不就是想迅速找两个异性高手给她解决问题？人家题主自己都没觉得有问题，你们这帮弱智开始脑补了,1.0
她啥时候能无性繁殖了再说话,1.0
哥们儿有没有可能有一个东西叫funding和scholarship，她要真那么厉害甚至可以国奖或者银行贷款留学都有，没必要可你一个对象要钱，你也不至于给自己压力，你要非把她的担子一个劲儿往自己身上揽，那我只能说天生当龟男的材料,1.0
自己天天玩烂梗还不让别人说又自诩清高看不起别的软件又倒处复制粘贴的脑瘫,1.0
死了姆的这男的，鸡巴把下头，上来直接怼着问感情史智商低情商也低，不会聊天建议重开，就这脑瘫水平还搁网络上找对象,1.0
你这种货就活该被歧视 懂？,1.0
就像听懂的给掌声那比一样,1.0
太反人类了，建议发配火星发展成火星文学，地球的氧气对于她们来说都是多余的,1.0
恕我直言，这个社会对女的太宽纵了，犯了事也可以不追究，追究起来也可以大事化小，还打架，遇上我，没有法律在，这五个女的，要不要她们的名，取决于我想不想下死手,1.0
狗屁。小混混，渣滓，垃圾,1.0
是一米八一下是二级残废吗，怎么现在又变成strong了,1.0
接盘就好好接，想些有的没的,1.0
社交这一块，比较因人而异了，我就不喜欢一块儿打游戏，感觉白天和人打交道够累的了，一个人玩游戏的时候就爱玩点单机的，但是原神属于本来能不搞的，结果非要去搞，一坨屎罢了,1.0
不知道你一直在装什么高冷楼主纯rz,1.0
反正没几个正常,1.0
老妈智商都不正常，教出来的孩子又能好哪去，生在这种家庭里也是命不好。,1.0
商家自己炒作的，要是商家不告这女的我就要攻击商家了,1.0
种东西，怕不是ylg滚粗孙吧,1.0
直接骂他，不服和他直接打,1.0
老东西就是会比喻,1.0
参军身上有疤都不行 更别说纹身那种恶心东西了,1.0
我刚跑路，吗的，逆天是真的多,1.0
什么脑瘫都能考上学，气死我了,1.0
还有很多机会，你觉得隔应接受不了，那就好好谈个母胎单身的母鼠结婚不香吗？能母胎单身到二十几岁的母鼠，长相过得去的多半也有洁癖，你别批瘾犯了。我在孙吧之前看到过一个帖子，内容是大概是女朋友因为我不是雏男选择分手了,1.0
自己看着镜子抠是吧,1.0
差点忘了除了主要舆论，还有lgbt和动保这些逆天团体,1.0
去了国外的确实成极端女权可能性很大，之前有个高中同学，去了趟国外回来也打拳了，我觉得主要是丑人多作怪,1.0
可能它一个无牵无挂的孤身寡人体会不到人间的人情世故是这样的吧，它从小一个人长大导致的,1.0
这种恶心的男的没脑子的乱叫，姐妹们避雷贴吧,1.0
你这b头像就挺搞的,1.0
唉 傻舔狗是这样  认不清状况,1.0
斐济打上天，给你带来了什么启示？,1.0
md外卖狗试一试,1.0
给你丑完了,1.0
结果虎式坦克直接开火，要求鼠鼠给它道歉，此时鼠鼠心想，这就是有男朋友撑腰的底气吗，又没喷你碗里,1.0
